timestamp,label,tally,curve_state,curve_spread,dollar_state,dollar_last,dollar_avg,vol_state,vix,vix3m,vol_diff,credit_state,hy_spread,hy_avg,rotation_state,def_5d_pct,oth_5d_pct,rotation_diff_pct,breadth_state,rsp_spy,breadth_avg,skew_state,skew,skew_avg
2026-06-19T15:37:12.527Z,risk-on,5-2,normal,0.27,above 20d avg,100.77,99.67,contango,16.78,20.51,-3.73,below 20-obs avg,2.63,2.73,cyclicals leading,-2.3,0.9,-3.3,above 20d avg,0.2812,0.2797,elevated,146.72,142.23
2026-06-19T15:37:13.235Z,risk-on,5-2,normal,0.27,above 20d avg,100.77,99.67,contango,16.78,20.51,-3.73,below 20-obs avg,2.63,2.73,cyclicals leading,-2.3,1.3,-3.6,above 20d avg,0.2812,0.2797,elevated,146.72,142.23
2026-06-19T17:19:22.047Z,risk-on,5-2,normal,0.27,above 20d avg,100.76,99.67,contango,16.78,20.51,-3.73,below 20-obs avg,2.63,2.73,cyclicals leading,-2.3,0.9,-3.3,above 20d avg,0.2812,0.2797,elevated,146.72,142.23
2026-06-19T17:19:22.604Z,risk-on,5-2,normal,0.27,above 20d avg,100.76,99.67,contango,16.78,20.51,-3.73,below 20-obs avg,2.63,2.73,cyclicals leading,-2.3,0.9,-3.3,above 20d avg,0.2812,0.2797,elevated,146.72,142.23
2026-06-19T17:27:39.255Z,risk-on,5-2,normal,0.27,above 20d avg,100.78,99.67,contango,16.78,20.51,-3.73,below 20-obs avg,2.63,2.73,cyclicals leading,-2.3,0.9,-3.3,above 20d avg,0.2812,0.2797,elevated,146.72,142.23
2026-06-19T17:27:39.832Z,risk-on,5-2,normal,0.27,above 20d avg,100.77,99.67,contango,16.78,20.51,-3.73,below 20-obs avg,2.63,2.73,cyclicals leading,-2.3,0.9,-3.3,above 20d avg,0.2812,0.2797,elevated,146.72,142.23
2026-06-19T17:30:51.753Z,risk-on,5-2,normal,0.27,above 20d avg,100.77,99.67,contango,16.78,20.51,-3.73,below 20-obs avg,2.63,2.73,cyclicals leading,-2.3,0.9,-3.3,above 20d avg,0.2812,0.2797,elevated,146.72,142.23
2026-06-19T17:30:52.253Z,risk-on,5-2,normal,0.27,above 20d avg,100.77,99.67,contango,16.78,20.51,-3.73,below 20-obs avg,2.63,2.73,cyclicals leading,-2.3,0.9,-3.3,above 20d avg,0.2812,0.2797,elevated,146.72,142.23
2026-06-19T17:53:01.083Z,risk-on,5-2,normal,0.27,above 20d avg,100.73,99.67,contango,16.78,20.51,-3.73,below 20-obs avg,2.63,2.73,cyclicals leading,-2.3,0.9,-3.3,above 20d avg,0.2812,0.2797,elevated,146.72,142.23
2026-06-19T17:53:01.694Z,risk-on,5-2,normal,0.27,above 20d avg,100.73,99.67,contango,16.78,20.51,-3.73,below 20-obs avg,2.63,2.73,cyclicals leading,-2.3,0.9,-3.3,above 20d avg,0.2812,0.2797,elevated,146.72,142.23
2026-06-19T18:15:26.660Z,risk-on,5-2,normal,0.27,above 20d avg,100.74,99.67,contango,16.78,20.51,-3.73,below 20-obs avg,2.63,2.73,cyclicals leading,-2.3,0.9,-3.3,above 20d avg,0.2812,0.2797,elevated,146.72,142.23
2026-06-19T18:15:27.159Z,risk-on,5-2,normal,0.27,above 20d avg,100.74,99.67,contango,16.78,20.51,-3.73,below 20-obs avg,2.63,2.73,cyclicals leading,-2.3,0.9,-3.3,above 20d avg,0.2812,0.2797,elevated,146.72,142.23
2026-06-19T18:45:24.618Z,risk-on,5-2,normal,0.27,above 20d avg,100.72,99.67,contango,16.78,20.51,-3.73,below 20-obs avg,2.63,2.73,cyclicals leading,-2.3,0.9,-3.3,above 20d avg,0.2812,0.2797,elevated,146.72,142.23
2026-06-19T18:45:25.225Z,risk-on,5-2,normal,0.27,above 20d avg,100.72,99.67,contango,16.78,20.51,-3.73,below 20-obs avg,2.63,2.73,cyclicals leading,-2.3,0.9,-3.3,above 20d avg,0.2812,0.2797,elevated,146.72,142.23
2026-06-19T19:15:25.707Z,risk-on,5-2,normal,0.27,above 20d avg,100.72,99.67,contango,16.78,20.51,-3.73,below 20-obs avg,2.63,2.73,cyclicals leading,-2.3,0.9,-3.3,above 20d avg,0.2812,0.2797,elevated,146.72,142.23
2026-06-19T19:15:26.388Z,risk-on,5-2,normal,0.27,above 20d avg,100.72,99.67,contango,16.78,20.51,-3.73,below 20-obs avg,2.63,2.73,cyclicals leading,-2.3,0.9,-3.3,above 20d avg,0.2812,0.2797,elevated,146.72,142.23
2026-06-19T19:16:34.868Z,risk-on,5-2,normal,0.27,above 20d avg,100.72,99.67,contango,16.78,20.51,-3.73,below 20-obs avg,2.63,2.73,cyclicals leading,-2.3,0.9,-3.3,above 20d avg,0.2812,0.2797,elevated,146.72,142.23
2026-06-19T19:16:35.462Z,risk-on,5-2,normal,0.27,above 20d avg,100.72,99.67,contango,16.78,20.51,-3.73,below 20-obs avg,2.63,2.73,cyclicals leading,-2.3,0.9,-3.3,above 20d avg,0.2812,0.2797,elevated,146.72,142.23
2026-06-19T20:50:26.336Z,risk-on,5-2,normal,0.27,above 20d avg,100.85,99.68,contango,16.78,20.51,-3.73,below 20-obs avg,2.63,2.73,cyclicals leading,-2.3,0.9,-3.3,above 20d avg,0.2812,0.2797,elevated,146.72,142.23
2026-06-19T20:50:26.740Z,risk-on,5-2,normal,0.27,above 20d avg,100.85,99.68,contango,16.78,20.51,-3.73,below 20-obs avg,2.63,2.73,cyclicals leading,-2.3,0.9,-3.3,above 20d avg,0.2812,0.2797,elevated,146.72,142.23
2026-06-19T21:15:26.547Z,risk-on,5-2,normal,0.27,above 20d avg,100.85,99.68,contango,16.78,20.51,-3.73,below 20-obs avg,2.63,2.73,cyclicals leading,-2.3,0.9,-3.3,above 20d avg,0.2812,0.2797,elevated,146.72,142.23
2026-06-19T21:15:26.982Z,risk-on,5-2,normal,0.27,above 20d avg,100.85,99.68,contango,16.78,20.51,-3.73,below 20-obs avg,2.63,2.73,cyclicals leading,-2.3,0.9,-3.3,above 20d avg,0.2812,0.2797,elevated,146.72,142.23
2026-06-19T21:45:24.941Z,risk-on,5-2,normal,0.27,above 20d avg,100.85,99.68,contango,16.78,20.51,-3.73,below 20-obs avg,2.63,2.73,cyclicals leading,-2.3,0.9,-3.3,above 20d avg,0.2812,0.2797,elevated,146.72,142.23
2026-06-19T21:45:25.634Z,risk-on,5-2,normal,0.27,above 20d avg,100.85,99.68,contango,16.78,20.51,-3.73,below 20-obs avg,2.63,2.73,cyclicals leading,-2.3,0.9,-3.3,above 20d avg,0.2812,0.2797,elevated,146.72,142.23
2026-06-19T21:57:12.182Z,risk-on,5-2,normal,0.27,above 20d avg,100.85,99.59,contango,16.78,20.51,-3.73,below 20-obs avg,2.63,2.73,cyclicals leading,-2.1,1.5,-3.6,above 20d avg,0.2812,0.2797,elevated,142.62,141.51
2026-06-19T21:57:12.550Z,risk-on,5-2,normal,0.27,above 20d avg,100.85,99.59,contango,16.78,20.51,-3.73,below 20-obs avg,2.63,2.73,cyclicals leading,-2.1,1.5,-3.6,above 20d avg,0.2812,0.2797,elevated,142.62,141.51
2026-06-22T13:00:29.049Z,risk-on,5-2,normal,0.27,above 20d avg,100.83,99.68,contango,17.06,19.57,-2.51,below 20-obs avg,2.63,2.73,cyclicals leading,-2.3,0.9,-3.3,above 20d avg,0.2812,0.2797,elevated,146.72,142.23
2026-06-22T13:24:05.443Z,risk-on,5-2,normal,0.27,above 20d avg,100.93,99.68,contango,16.97,19.57,-2.6,below 20-obs avg,2.63,2.73,cyclicals leading,-2.3,0.9,-3.3,above 20d avg,0.2812,0.2797,elevated,146.72,142.23
2026-06-22T13:24:05.932Z,risk-on,5-2,normal,0.27,above 20d avg,100.93,99.68,contango,16.97,19.57,-2.6,below 20-obs avg,2.63,2.73,cyclicals leading,-2.3,0.9,-3.3,above 20d avg,0.2812,0.2797,elevated,146.72,142.23
2026-06-22T13:45:27.816Z,risk-on,5-2,normal,0.27,above 20d avg,100.98,99.68,contango,16.8,19.57,-2.77,below 20-obs avg,2.63,2.73,cyclicals leading,-2.7,-1,-1.7,above 20d avg,0.2803,0.28,elevated,146.72,142.23
2026-06-22T13:45:28.309Z,risk-on,5-2,normal,0.27,above 20d avg,100.98,99.68,contango,16.8,19.57,-2.77,below 20-obs avg,2.63,2.73,cyclicals leading,-2.7,-1,-1.7,above 20d avg,0.2803,0.28,elevated,146.72,142.23
2026-06-22T14:10:57.558Z,risk-on,5-2,normal,0.27,above 20d avg,101.04,99.69,contango,16.64,19.43,-2.79,below 20-obs avg,2.63,2.73,cyclicals leading,-2.9,-0.6,-2.4,above 20d avg,0.2802,0.28,elevated,146.72,142.23
2026-06-22T14:10:58.002Z,risk-on,5-2,normal,0.27,above 20d avg,101.04,99.69,contango,16.64,19.43,-2.79,below 20-obs avg,2.63,2.73,cyclicals leading,-2.9,-0.6,-2.4,above 20d avg,0.2802,0.28,elevated,146.72,142.23
2026-06-22T14:30:26.170Z,risk-on,5-2,normal,0.27,above 20d avg,101,99.68,contango,16.61,19.43,-2.82,below 20-obs avg,2.63,2.73,cyclicals leading,-3,-0.9,-2.1,above 20d avg,0.2812,0.28,elevated,146.72,142.23
2026-06-22T14:30:26.569Z,risk-on,5-2,normal,0.27,above 20d avg,101,99.68,contango,16.61,19.43,-2.82,below 20-obs avg,2.63,2.73,cyclicals leading,-3,-0.9,-2.1,above 20d avg,0.2812,0.28,elevated,146.72,142.23
2026-06-22T14:54:05.316Z,risk-on,5-2,normal,0.27,above 20d avg,100.94,99.68,contango,17.44,19.89,-2.45,below 20-obs avg,2.63,2.73,cyclicals leading,-2.8,-1.1,-1.8,above 20d avg,0.2816,0.28,elevated,146.72,142.23
2026-06-22T14:54:06.193Z,risk-on,5-2,normal,0.27,above 20d avg,100.94,99.68,contango,17.44,19.89,-2.45,below 20-obs avg,2.63,2.73,cyclicals leading,-2.8,-1,-1.8,above 20d avg,0.2816,0.28,elevated,146.72,142.23
2026-06-22T15:15:26.860Z,risk-on,5-2,normal,0.27,above 20d avg,100.83,99.68,contango,17.58,19.94,-2.36,below 20-obs avg,2.63,2.73,cyclicals leading,-2.9,-0.8,-2.1,above 20d avg,0.2817,0.28,elevated,146.72,142.23
2026-06-22T15:15:27.322Z,risk-on,5-2,normal,0.27,above 20d avg,100.84,99.68,contango,17.58,19.94,-2.36,below 20-obs avg,2.63,2.73,cyclicals leading,-2.9,-0.8,-2.1,above 20d avg,0.2817,0.28,elevated,146.72,142.23
2026-06-22T15:39:03.311Z,risk-on,5-2,normal,0.27,above 20d avg,100.91,99.68,contango,17.5,19.93,-2.43,below 20-obs avg,2.63,2.73,cyclicals leading,-2.5,-0.7,-1.8,above 20d avg,0.2819,0.2801,elevated,146.72,142.23
2026-06-22T15:39:03.871Z,risk-on,5-2,normal,0.27,above 20d avg,100.91,99.68,contango,17.5,19.93,-2.43,below 20-obs avg,2.63,2.73,cyclicals leading,-2.5,-0.7,-1.8,above 20d avg,0.2819,0.2801,elevated,146.72,142.23
2026-06-22T15:59:15.373Z,risk-on,5-2,normal,0.27,above 20d avg,100.97,99.68,contango,17.26,19.77,-2.51,below 20-obs avg,2.63,2.73,cyclicals leading,-2.3,-0.8,-1.5,above 20d avg,0.2818,0.2801,elevated,146.72,142.23
2026-06-22T15:59:15.874Z,risk-on,5-2,normal,0.27,above 20d avg,100.97,99.68,contango,17.26,19.77,-2.51,below 20-obs avg,2.63,2.73,cyclicals leading,-2.3,-0.8,-1.5,above 20d avg,0.2818,0.2801,elevated,146.72,142.23
2026-06-22T16:24:04.653Z,risk-on,5-2,normal,0.27,above 20d avg,101.02,99.69,contango,17.63,19.94,-2.31,below 20-obs avg,2.66,2.73,cyclicals leading,-2.2,-0.9,-1.3,above 20d avg,0.2817,0.28,elevated,146.72,142.23
2026-06-22T16:24:05.564Z,risk-on,5-2,normal,0.27,above 20d avg,101.02,99.69,contango,17.63,19.94,-2.31,below 20-obs avg,2.66,2.73,cyclicals leading,-2.2,-0.9,-1.3,above 20d avg,0.2817,0.28,elevated,146.72,142.23
2026-06-22T16:45:25.774Z,risk-on,5-2,normal,0.27,above 20d avg,101.01,99.69,contango,17.39,19.81,-2.42,below 20-obs avg,2.66,2.73,cyclicals leading,-2.2,-0.9,-1.3,above 20d avg,0.2819,0.2801,elevated,146.72,142.23
2026-06-22T16:45:26.311Z,risk-on,5-2,normal,0.27,above 20d avg,101.01,99.69,contango,17.39,19.81,-2.42,below 20-obs avg,2.66,2.73,cyclicals leading,-2.2,-0.9,-1.3,above 20d avg,0.2819,0.2801,elevated,146.72,142.23
2026-06-22T17:09:06.847Z,risk-on,5-2,normal,0.27,above 20d avg,100.99,99.68,contango,17.22,19.73,-2.51,below 20-obs avg,2.66,2.72,cyclicals leading,-2.1,-0.9,-1.2,above 20d avg,0.282,0.2801,elevated,146.72,142.23
2026-06-22T17:09:07.444Z,risk-on,5-2,normal,0.27,above 20d avg,100.99,99.68,contango,17.22,19.73,-2.51,below 20-obs avg,2.66,2.72,cyclicals leading,-2.1,-0.9,-1.2,above 20d avg,0.282,0.2801,elevated,146.72,142.23
2026-06-22T17:30:26.594Z,risk-on,5-2,normal,0.27,above 20d avg,100.99,99.68,contango,17.24,19.77,-2.53,below 20-obs avg,2.66,2.72,cyclicals leading,-2.2,-1,-1.3,above 20d avg,0.2817,0.28,elevated,146.72,142.23
2026-06-22T17:30:27.140Z,risk-on,5-2,normal,0.27,above 20d avg,100.99,99.68,contango,17.24,19.77,-2.53,below 20-obs avg,2.66,2.72,cyclicals leading,-2.2,-1,-1.3,above 20d avg,0.2817,0.28,elevated,146.72,142.23
2026-06-22T17:54:05.273Z,risk-on,5-2,normal,0.27,above 20d avg,101,99.68,contango,17.33,19.82,-2.49,below 20-obs avg,2.66,2.72,cyclicals leading,-2.3,-0.9,-1.3,above 20d avg,0.2816,0.28,elevated,146.72,142.23
2026-06-22T17:54:05.801Z,risk-on,5-2,normal,0.27,above 20d avg,101,99.68,contango,17.33,19.82,-2.49,below 20-obs avg,2.66,2.72,cyclicals leading,-2.3,-0.9,-1.3,above 20d avg,0.2816,0.28,elevated,146.72,142.23
2026-06-22T18:15:24.569Z,risk-on,5-2,normal,0.27,above 20d avg,101,99.68,contango,17.25,19.76,-2.51,below 20-obs avg,2.66,2.72,cyclicals leading,-2.2,-1,-1.2,above 20d avg,0.2815,0.28,elevated,146.72,142.23
2026-06-22T18:15:25.098Z,risk-on,5-2,normal,0.27,above 20d avg,101,99.68,contango,17.25,19.76,-2.51,below 20-obs avg,2.66,2.72,cyclicals leading,-2.2,-1,-1.2,above 20d avg,0.2815,0.28,elevated,146.72,142.23
2026-06-22T18:39:03.292Z,risk-on,5-2,normal,0.27,above 20d avg,101.01,99.68,contango,17.14,19.69,-2.55,below 20-obs avg,2.66,2.72,cyclicals leading,-2.4,-1,-1.3,above 20d avg,0.2815,0.28,elevated,146.72,142.23
2026-06-22T18:39:03.784Z,risk-on,5-2,normal,0.27,above 20d avg,101.01,99.68,contango,17.14,19.69,-2.55,below 20-obs avg,2.66,2.72,cyclicals leading,-2.4,-1,-1.3,above 20d avg,0.2815,0.28,elevated,146.72,142.23
2026-06-22T19:00:27.000Z,risk-on,5-2,normal,0.27,above 20d avg,101,99.68,contango,17.29,19.76,-2.47,below 20-obs avg,2.66,2.72,cyclicals leading,-2.5,-1.2,-1.3,above 20d avg,0.2814,0.28,elevated,146.72,142.23
2026-06-22T19:00:27.710Z,risk-on,5-2,normal,0.27,above 20d avg,101,99.68,contango,17.29,19.76,-2.47,below 20-obs avg,2.66,2.72,cyclicals leading,-2.5,-1.2,-1.3,above 20d avg,0.2815,0.28,elevated,146.72,142.23
2026-06-22T19:24:06.312Z,risk-on,5-2,normal,0.27,above 20d avg,101.04,99.69,contango,17.53,19.87,-2.34,below 20-obs avg,2.66,2.72,cyclicals leading,-2.6,-1.3,-1.3,above 20d avg,0.2813,0.28,elevated,146.72,142.23
2026-06-22T19:24:06.746Z,risk-on,5-2,normal,0.27,above 20d avg,101.04,99.69,contango,17.53,19.87,-2.34,below 20-obs avg,2.66,2.72,cyclicals leading,-2.6,-1.3,-1.3,above 20d avg,0.2813,0.28,elevated,146.72,142.23
2026-06-22T19:38:27.574Z,risk-on,5-2,normal,0.27,above 20d avg,101.05,99.69,contango,17.48,19.85,-2.37,below 20-obs avg,2.66,2.72,cyclicals leading,-2.4,-1.4,-1.1,above 20d avg,0.2815,0.28,elevated,146.72,142.23
2026-06-22T19:38:28.324Z,risk-on,5-2,normal,0.27,above 20d avg,101.05,99.69,contango,17.48,19.85,-2.37,below 20-obs avg,2.66,2.72,cyclicals leading,-2.4,-1.4,-1,above 20d avg,0.2815,0.28,elevated,146.72,142.23
2026-06-22T20:00:27.571Z,risk-on,5-2,normal,0.27,above 20d avg,101.07,99.69,contango,17.51,19.87,-2.36,below 20-obs avg,2.66,2.72,cyclicals leading,-2.4,-1.3,-1.2,above 20d avg,0.2815,0.28,elevated,146.72,142.23
2026-06-22T20:00:28.324Z,risk-on,5-2,normal,0.27,above 20d avg,101.07,99.69,contango,17.51,19.87,-2.36,below 20-obs avg,2.66,2.72,cyclicals leading,-2.4,-1.3,-1.2,above 20d avg,0.2815,0.28,elevated,146.72,142.23
2026-06-22T20:24:04.153Z,risk-on,5-2,normal,0.27,above 20d avg,101,99.68,contango,17.31,19.77,-2.46,below 20-obs avg,2.66,2.72,cyclicals leading,-2.4,-1.2,-1.2,above 20d avg,0.2816,0.28,elevated,146.72,142.23
2026-06-22T20:24:04.649Z,risk-on,5-2,normal,0.27,above 20d avg,101,99.68,contango,17.3,19.77,-2.47,below 20-obs avg,2.66,2.72,cyclicals leading,-2.4,-1.2,-1.2,above 20d avg,0.2816,0.28,elevated,146.72,142.23
2026-06-22T20:45:25.592Z,risk-on,5-2,normal,0.27,above 20d avg,101.01,99.69,contango,17.28,19.76,-2.48,below 20-obs avg,2.66,2.72,cyclicals leading,-2.4,-1.2,-1.2,above 20d avg,0.2816,0.28,elevated,146.72,142.23
2026-06-22T20:45:25.975Z,risk-on,5-2,normal,0.27,above 20d avg,101.01,99.69,contango,17.28,19.76,-2.48,below 20-obs avg,2.66,2.72,cyclicals leading,-2.4,-1.2,-1.2,above 20d avg,0.2816,0.28,elevated,146.72,142.23
2026-06-22T21:09:04.029Z,risk-on,5-2,normal,0.27,above 20d avg,101,99.68,contango,17.28,19.76,-2.48,below 20-obs avg,2.66,2.72,cyclicals leading,-2.4,-1.2,-1.2,above 20d avg,0.2816,0.28,elevated,146.72,142.23
2026-06-22T21:09:04.407Z,risk-on,5-2,normal,0.27,above 20d avg,101,99.68,contango,17.28,19.76,-2.48,below 20-obs avg,2.66,2.72,cyclicals leading,-2.4,-1.2,-1.2,above 20d avg,0.2816,0.28,elevated,146.72,142.23
2026-06-22T21:30:31.306Z,risk-on,6-1,normal,0.27,above 20d avg,101,99.68,contango,17.28,19.76,-2.48,below 20-obs avg,2.66,2.72,cyclicals leading,-2.4,-1.2,-1.2,above 20d avg,0.2816,0.28,subdued,141.85,142.47
2026-06-22T21:30:31.884Z,risk-on,6-1,normal,0.27,above 20d avg,101,99.68,contango,17.28,19.76,-2.48,below 20-obs avg,2.66,2.72,cyclicals leading,-2.4,-1.2,-1.2,above 20d avg,0.2816,0.28,subdued,141.85,142.47
2026-06-22T21:49:09.419Z,risk-on,6-1,normal,0.27,above 20d avg,101,99.68,contango,17.28,19.76,-2.48,below 20-obs avg,2.66,2.72,cyclicals leading,-2.4,-1.2,-1.2,above 20d avg,0.2816,0.28,subdued,141.85,142.47
2026-06-22T21:49:09.908Z,risk-on,6-1,normal,0.27,above 20d avg,101,99.68,contango,17.28,19.76,-2.48,below 20-obs avg,2.66,2.72,cyclicals leading,-2.4,-1.2,-1.2,above 20d avg,0.2816,0.28,subdued,141.85,142.47
2026-06-23T13:00:27.687Z,risk-on,5-2,normal,0.27,above 20d avg,101.28,99.78,backwardation,20.13,19.57,0.56,below 20-obs avg,2.66,2.72,cyclicals leading,-2.4,-1.2,-1.2,above 20d avg,0.2816,0.28,subdued,141.85,142.47
2026-06-23T13:30:26.423Z,risk-on,4-3,normal,0.27,above 20d avg,101.31,99.78,backwardation,20.11,19.57,0.54,below 20-obs avg,2.66,2.72,defensives leading,-0.7,-2.8,2.2,above 20d avg,0.2839,0.2804,subdued,141.85,142.47
2026-06-23T13:30:28.660Z,risk-on,4-3,normal,0.27,above 20d avg,101.31,99.78,backwardation,20.11,19.57,0.54,below 20-obs avg,2.66,2.72,defensives leading,-0.7,-2.8,2.1,above 20d avg,0.2839,0.2804,subdued,141.85,142.47
2026-06-23T13:45:27.769Z,risk-on,4-3,normal,0.27,above 20d avg,101.24,99.78,backwardation,20.21,19.57,0.64,below 20-obs avg,2.66,2.72,defensives leading,-0.9,-2.7,1.8,above 20d avg,0.2835,0.2804,subdued,141.85,142.47
2026-06-23T13:45:28.456Z,risk-on,4-3,normal,0.27,above 20d avg,101.24,99.78,backwardation,20.21,19.57,0.64,below 20-obs avg,2.66,2.72,defensives leading,-0.9,-2.7,1.8,above 20d avg,0.2835,0.2804,subdued,141.85,142.47
2026-06-23T14:15:26.943Z,risk-on,5-2,normal,0.27,above 20d avg,101.29,99.78,contango,19.49,21.03,-1.54,below 20-obs avg,2.66,2.72,defensives leading,-0.9,-2.4,1.5,above 20d avg,0.2833,0.2804,subdued,141.85,142.47
2026-06-23T14:15:27.649Z,risk-on,5-2,normal,0.27,above 20d avg,101.29,99.78,contango,19.49,21.03,-1.54,below 20-obs avg,2.66,2.72,defensives leading,-0.9,-2.3,1.5,above 20d avg,0.2832,0.2804,subdued,141.85,142.47
2026-06-23T14:45:27.486Z,risk-on,5-2,normal,0.27,above 20d avg,101.37,99.79,contango,19.11,20.84,-1.73,below 20-obs avg,2.66,2.72,defensives leading,-0.9,-2.4,1.6,above 20d avg,0.2835,0.2804,subdued,141.85,142.47
2026-06-23T14:45:27.970Z,risk-on,5-2,normal,0.27,above 20d avg,101.37,99.79,contango,19.11,20.84,-1.73,below 20-obs avg,2.66,2.72,defensives leading,-0.9,-2.4,1.6,above 20d avg,0.2835,0.2804,subdued,141.85,142.47
2026-06-23T15:15:37.487Z,risk-on,5-2,normal,0.27,above 20d avg,101.37,99.79,contango,19.32,20.96,-1.64,below 20-obs avg,2.65,2.72,defensives leading,-1,-2.3,1.3,above 20d avg,0.2841,0.2804,subdued,141.85,142.47
2026-06-23T15:15:38.059Z,risk-on,5-2,normal,0.27,above 20d avg,101.37,99.79,contango,19.32,20.96,-1.64,below 20-obs avg,2.65,2.72,defensives leading,-1,-2.3,1.3,above 20d avg,0.2841,0.2804,subdued,141.85,142.47
2026-06-23T15:45:34.324Z,risk-on,5-2,normal,0.27,above 20d avg,101.35,99.79,contango,19.74,21.23,-1.49,below 20-obs avg,2.65,2.72,defensives leading,-1,-2.3,1.3,above 20d avg,0.2843,0.2804,subdued,141.85,142.47
2026-06-23T15:45:34.779Z,risk-on,5-2,normal,0.27,above 20d avg,101.35,99.79,contango,19.74,21.23,-1.49,below 20-obs avg,2.65,2.72,defensives leading,-1,-2.3,1.3,above 20d avg,0.2843,0.2804,subdued,141.85,142.47
2026-06-23T16:15:30.831Z,risk-on,5-2,normal,0.27,above 20d avg,101.37,99.79,contango,19.44,21.08,-1.64,below 20-obs avg,2.65,2.72,defensives leading,-0.9,-2.2,1.3,above 20d avg,0.2842,0.2804,subdued,141.85,142.47
2026-06-23T16:15:31.257Z,risk-on,5-2,normal,0.27,above 20d avg,101.37,99.79,contango,19.44,21.08,-1.64,below 20-obs avg,2.65,2.72,defensives leading,-0.9,-2.2,1.3,above 20d avg,0.2842,0.2804,subdued,141.85,142.47
2026-06-23T16:16:27.941Z,risk-on,5-2,normal,0.27,above 20d avg,101.37,99.79,contango,19.29,21.02,-1.73,below 20-obs avg,2.65,2.72,defensives leading,-1,-2.3,1.3,above 20d avg,0.2842,0.2804,subdued,141.85,142.47
2026-06-23T16:16:28.767Z,risk-on,5-2,normal,0.27,above 20d avg,101.37,99.79,contango,19.29,21.02,-1.73,below 20-obs avg,2.65,2.72,defensives leading,-1,-2.3,1.3,above 20d avg,0.2842,0.2804,subdued,141.85,142.47
2026-06-23T16:45:31.803Z,risk-on,5-2,normal,0.27,above 20d avg,101.39,99.79,contango,18.99,20.84,-1.85,below 20-obs avg,2.65,2.72,defensives leading,-0.7,-2.3,1.6,above 20d avg,0.2841,0.2804,subdued,141.85,142.47
2026-06-23T16:45:32.398Z,risk-on,5-2,normal,0.27,above 20d avg,101.39,99.79,contango,18.99,20.84,-1.85,below 20-obs avg,2.65,2.72,defensives leading,-0.7,-2.3,1.6,above 20d avg,0.2841,0.2804,subdued,141.85,142.47
2026-06-23T17:15:25.222Z,risk-on,5-2,normal,0.27,above 20d avg,101.41,99.79,contango,18.87,20.73,-1.86,below 20-obs avg,2.65,2.72,defensives leading,-0.7,-2.1,1.4,above 20d avg,0.2841,0.2804,subdued,141.85,142.47
2026-06-23T17:15:25.654Z,risk-on,5-2,normal,0.27,above 20d avg,101.41,99.79,contango,18.87,20.73,-1.86,below 20-obs avg,2.65,2.72,defensives leading,-0.7,-2.1,1.4,above 20d avg,0.2841,0.2804,subdued,141.85,142.47
2026-06-23T17:45:26.538Z,risk-on,5-2,normal,0.27,above 20d avg,101.39,99.79,contango,18.74,20.67,-1.93,below 20-obs avg,2.65,2.72,defensives leading,-0.6,-2.2,1.6,above 20d avg,0.284,0.2804,subdued,141.85,142.47
2026-06-23T17:45:26.963Z,risk-on,5-2,normal,0.27,above 20d avg,101.39,99.79,contango,18.74,20.67,-1.93,below 20-obs avg,2.65,2.72,defensives leading,-0.6,-2.2,1.6,above 20d avg,0.284,0.2804,subdued,141.85,142.47
2026-06-23T18:15:25.246Z,risk-on,5-2,normal,0.27,above 20d avg,101.4,99.79,contango,19.03,20.85,-1.82,below 20-obs avg,2.65,2.72,defensives leading,-0.6,-2.4,1.8,above 20d avg,0.2841,0.2804,subdued,141.85,142.47
2026-06-23T18:15:25.698Z,risk-on,5-2,normal,0.27,above 20d avg,101.4,99.79,contango,19.03,20.85,-1.82,below 20-obs avg,2.65,2.72,defensives leading,-0.6,-2.4,1.8,above 20d avg,0.2841,0.2804,subdued,141.85,142.47
2026-06-23T18:18:03.558Z,risk-on,5-2,normal,0.27,above 20d avg,101.41,99.79,contango,18.89,20.77,-1.88,below 20-obs avg,2.65,2.72,defensives leading,-0.6,-2.4,1.8,above 20d avg,0.2843,0.2804,subdued,141.85,142.47
2026-06-23T18:18:03.967Z,risk-on,5-2,normal,0.27,above 20d avg,101.41,99.79,contango,18.89,20.77,-1.88,below 20-obs avg,2.65,2.72,defensives leading,-0.6,-2.4,1.8,above 20d avg,0.2843,0.2804,subdued,141.85,142.47
2026-06-23T18:45:35.592Z,risk-on,5-2,normal,0.27,above 20d avg,101.41,99.79,contango,19.2,20.9,-1.7,below 20-obs avg,2.65,2.72,defensives leading,-0.8,-2.5,1.7,above 20d avg,0.2844,0.2804,subdued,141.85,142.47
2026-06-23T18:45:36.082Z,risk-on,5-2,normal,0.27,above 20d avg,101.41,99.79,contango,19.2,20.9,-1.7,below 20-obs avg,2.65,2.72,defensives leading,-0.8,-2.5,1.7,above 20d avg,0.2844,0.2804,subdued,141.85,142.47
2026-06-23T19:15:25.290Z,risk-on,5-2,normal,0.27,above 20d avg,101.38,99.79,contango,19.62,21.12,-1.5,below 20-obs avg,2.65,2.72,defensives leading,-0.6,-2.6,2,above 20d avg,0.2844,0.2804,subdued,141.85,142.47
2026-06-23T19:15:25.689Z,risk-on,5-2,normal,0.27,above 20d avg,101.38,99.79,contango,19.62,21.12,-1.5,below 20-obs avg,2.65,2.72,defensives leading,-0.6,-2.6,2,above 20d avg,0.2844,0.2804,subdued,141.85,142.47
2026-06-23T19:45:35.864Z,risk-on,5-2,normal,0.27,above 20d avg,101.38,99.79,contango,19.34,20.94,-1.6,below 20-obs avg,2.65,2.72,defensives leading,-0.5,-2.5,1.9,above 20d avg,0.2844,0.2804,subdued,141.85,142.47
2026-06-23T19:45:36.349Z,risk-on,5-2,normal,0.27,above 20d avg,101.38,99.79,contango,19.34,20.94,-1.6,below 20-obs avg,2.65,2.72,defensives leading,-0.5,-2.5,1.9,above 20d avg,0.2844,0.2804,subdued,141.85,142.47
2026-06-23T20:15:25.617Z,risk-on,5-2,normal,0.34,above 20d avg,101.39,99.79,contango,19.56,21.1,-1.54,below 20-obs avg,2.65,2.72,defensives leading,-0.5,-2.5,2.1,above 20d avg,0.2848,0.2804,subdued,141.85,142.47
2026-06-23T20:15:26.149Z,risk-on,5-2,normal,0.34,above 20d avg,101.39,99.79,contango,19.56,21.1,-1.54,below 20-obs avg,2.65,2.72,defensives leading,-0.5,-2.5,2.1,above 20d avg,0.2848,0.2804,subdued,141.85,142.47
2026-06-23T20:28:25.805Z,risk-on,5-2,normal,0.34,above 20d avg,101.39,99.79,contango,19.51,21.06,-1.55,below 20-obs avg,2.65,2.72,defensives leading,-0.5,-2.6,2.1,above 20d avg,0.2848,0.2804,subdued,141.85,142.47
2026-06-23T20:28:26.259Z,risk-on,5-2,normal,0.34,above 20d avg,101.39,99.79,contango,19.51,21.06,-1.55,below 20-obs avg,2.65,2.72,defensives leading,-0.5,-2.6,2.1,above 20d avg,0.2848,0.2804,subdued,141.85,142.47
2026-06-23T20:46:47.981Z,risk-on,5-2,normal,0.34,above 20d avg,101.39,99.79,contango,19.49,21.06,-1.57,below 20-obs avg,2.65,2.72,defensives leading,-0.5,-2.5,2.1,above 20d avg,0.2848,0.2804,subdued,141.85,142.47
2026-06-23T20:46:48.396Z,risk-on,5-2,normal,0.34,above 20d avg,101.39,99.79,contango,19.49,21.06,-1.57,below 20-obs avg,2.65,2.72,defensives leading,-0.5,-2.5,2.1,above 20d avg,0.2848,0.2804,subdued,141.85,142.47
2026-06-23T21:59:53.227Z,risk-on,4-3,normal,0.34,above 20d avg,101.36,99.79,contango,19.49,21.06,-1.57,below 20-obs avg,2.65,2.72,defensives leading,-0.5,-2.5,2.1,above 20d avg,0.2848,0.2804,elevated,143.14,142.76
2026-06-23T21:59:53.616Z,risk-on,4-3,normal,0.34,above 20d avg,101.36,99.79,contango,19.49,21.06,-1.57,below 20-obs avg,2.65,2.72,defensives leading,-0.5,-2.5,2.1,above 20d avg,0.2848,0.2804,elevated,143.14,142.76
2026-06-24T13:26:58.057Z,risk-on,4-3,normal,0.34,above 20d avg,101.79,99.92,contango,19.23,19.57,-0.34,below 20-obs avg,2.65,2.72,defensives leading,-0.5,-2.5,2.1,above 20d avg,0.2848,0.2804,elevated,143.14,142.76
2026-06-24T15:19:52.653Z,risk-on,4-3,normal,0.34,above 20d avg,101.67,99.91,contango,18.22,20.25,-2.03,below 20-obs avg,2.71,2.72,defensives leading,0.2,-1.3,1.5,above 20d avg,0.2861,0.2809,elevated,143.14,142.76
2026-06-24T15:19:53.239Z,risk-on,4-3,normal,0.34,above 20d avg,101.67,99.91,contango,18.22,20.25,-2.03,below 20-obs avg,2.71,2.72,defensives leading,0.2,-1.3,1.5,above 20d avg,0.2861,0.2809,elevated,143.14,142.76
2026-06-24T15:49:47.745Z,risk-on,4-3,normal,0.34,above 20d avg,101.63,99.91,contango,18.17,20.27,-2.1,below 20-obs avg,2.71,2.72,defensives leading,0.2,-1.5,1.7,above 20d avg,0.2858,0.2809,elevated,143.14,142.76
2026-06-24T15:49:48.537Z,risk-on,4-3,normal,0.34,above 20d avg,101.63,99.91,contango,18.17,20.26,-2.09,below 20-obs avg,2.71,2.72,defensives leading,0.2,-1.5,1.7,above 20d avg,0.2858,0.2809,elevated,143.14,142.76
2026-06-24T15:54:51.519Z,risk-on,4-3,normal,0.34,above 20d avg,101.62,99.91,contango,18.27,20.32,-2.05,below 20-obs avg,2.71,2.72,defensives leading,0.1,-1.6,1.7,above 20d avg,0.2856,0.2809,elevated,143.14,142.76
2026-06-24T15:54:52.027Z,risk-on,4-3,normal,0.34,above 20d avg,101.62,99.91,contango,18.27,20.32,-2.05,below 20-obs avg,2.71,2.72,defensives leading,0.1,-1.6,1.7,above 20d avg,0.2856,0.2809,elevated,143.14,142.76
2026-06-24T16:15:30.159Z,risk-on,4-3,normal,0.34,above 20d avg,101.62,99.91,contango,18.31,20.37,-2.06,below 20-obs avg,2.71,2.72,defensives leading,0.1,-1.5,1.6,above 20d avg,0.2857,0.2809,elevated,143.14,142.76
2026-06-24T16:15:31.031Z,risk-on,4-3,normal,0.34,above 20d avg,101.62,99.91,contango,18.31,20.37,-2.06,below 20-obs avg,2.71,2.72,defensives leading,0.1,-1.5,1.6,above 20d avg,0.2857,0.2809,elevated,143.14,142.76
2026-06-24T16:45:26.604Z,risk-on,4-3,normal,0.34,above 20d avg,101.52,99.91,contango,18.46,20.42,-1.96,below 20-obs avg,2.71,2.72,defensives leading,0.2,-1.7,1.9,above 20d avg,0.2862,0.2809,elevated,143.14,142.76
2026-06-24T16:45:27.392Z,risk-on,4-3,normal,0.34,above 20d avg,101.52,99.91,contango,18.46,20.42,-1.96,below 20-obs avg,2.71,2.72,defensives leading,0.2,-1.7,1.9,above 20d avg,0.2862,0.2809,elevated,143.14,142.76
2026-06-24T17:15:26.396Z,risk-on,4-3,normal,0.34,above 20d avg,101.56,99.91,contango,18.97,20.69,-1.72,below 20-obs avg,2.71,2.72,defensives leading,0.1,-1.9,2.1,above 20d avg,0.2863,0.2809,elevated,143.14,142.76
2026-06-24T17:15:26.893Z,risk-on,4-3,normal,0.34,above 20d avg,101.56,99.91,contango,18.97,20.69,-1.72,below 20-obs avg,2.71,2.72,defensives leading,0.1,-1.9,2.1,above 20d avg,0.2863,0.2809,elevated,143.14,142.76
2026-06-24T17:45:22.121Z,risk-on,4-3,normal,0.34,above 20d avg,101.58,99.91,contango,20.01,21.19,-1.18,below 20-obs avg,2.71,2.72,defensives leading,-0.2,-2.4,2.2,above 20d avg,0.2865,0.2809,elevated,143.14,142.76
2026-06-24T17:45:22.694Z,risk-on,4-3,normal,0.34,above 20d avg,101.58,99.91,contango,20.01,21.19,-1.18,below 20-obs avg,2.71,2.72,defensives leading,-0.2,-2.4,2.2,above 20d avg,0.2865,0.2809,elevated,143.14,142.76
2026-06-24T18:03:49.090Z,risk-on,4-3,normal,0.34,above 20d avg,101.65,99.91,contango,19.89,21.14,-1.25,below 20-obs avg,2.71,2.72,defensives leading,0,-2.4,2.4,above 20d avg,0.2868,0.2809,elevated,143.14,142.76
2026-06-24T18:03:50.941Z,risk-on,4-3,normal,0.34,above 20d avg,101.65,99.91,contango,19.89,21.14,-1.25,below 20-obs avg,2.71,2.72,defensives leading,0,-2.4,2.4,above 20d avg,0.2867,0.2809,elevated,143.14,142.76
2026-06-24T18:30:26.447Z,risk-on,4-3,normal,0.34,above 20d avg,101.62,99.91,contango,19.65,21.03,-1.38,below 20-obs avg,2.71,2.72,defensives leading,0.3,-2,2.3,above 20d avg,0.2869,0.2809,elevated,143.14,142.76
2026-06-24T18:30:27.283Z,risk-on,4-3,normal,0.34,above 20d avg,101.62,99.91,contango,19.65,21.03,-1.38,below 20-obs avg,2.71,2.72,defensives leading,0.3,-2,2.3,above 20d avg,0.2869,0.2809,elevated,143.14,142.76
2026-06-24T19:00:27.918Z,risk-on,4-3,normal,0.34,above 20d avg,101.6,99.91,contango,19.48,20.95,-1.47,below 20-obs avg,2.71,2.72,defensives leading,0.4,-2.6,2.9,above 20d avg,0.2877,0.281,elevated,143.14,142.76
2026-06-24T19:00:28.650Z,risk-on,4-3,normal,0.34,above 20d avg,101.6,99.91,contango,19.48,20.95,-1.47,below 20-obs avg,2.71,2.72,defensives leading,0.4,-2.6,2.9,above 20d avg,0.2877,0.281,elevated,143.14,142.76
2026-06-24T19:30:21.995Z,risk-on,4-3,normal,0.34,above 20d avg,101.63,99.91,contango,20.08,21.21,-1.13,below 20-obs avg,2.71,2.72,defensives leading,0.4,-2.5,2.8,above 20d avg,0.2873,0.281,elevated,143.14,142.76
2026-06-24T19:30:22.701Z,risk-on,4-3,normal,0.34,above 20d avg,101.63,99.91,contango,20.08,21.21,-1.13,below 20-obs avg,2.71,2.72,defensives leading,0.4,-2.5,2.8,above 20d avg,0.2873,0.281,elevated,143.14,142.76
2026-06-24T20:00:26.155Z,risk-on,4-3,normal,0.3,above 20d avg,101.61,99.91,contango,19.93,21.04,-1.11,below 20-obs avg,2.71,2.72,defensives leading,0.3,-2.5,2.8,above 20d avg,0.2872,0.281,elevated,143.14,142.76
2026-06-24T20:00:26.657Z,risk-on,4-3,normal,0.3,above 20d avg,101.61,99.91,contango,19.93,21.04,-1.11,below 20-obs avg,2.71,2.72,defensives leading,0.3,-2.5,2.8,above 20d avg,0.2872,0.281,elevated,143.14,142.76
2026-06-24T20:06:48.030Z,risk-on,4-3,normal,0.3,above 20d avg,101.61,99.91,contango,19.66,20.88,-1.22,below 20-obs avg,2.71,2.72,defensives leading,0.3,-2.3,2.6,above 20d avg,0.2869,0.2809,elevated,143.14,142.76
2026-06-24T20:06:48.423Z,risk-on,4-3,normal,0.3,above 20d avg,101.61,99.91,contango,19.65,20.88,-1.23,below 20-obs avg,2.71,2.72,defensives leading,0.3,-2.3,2.6,above 20d avg,0.2869,0.2809,elevated,143.14,142.76
2026-06-24T20:30:25.757Z,risk-on,4-3,normal,0.3,above 20d avg,101.61,99.91,contango,18.63,20.37,-1.74,below 20-obs avg,2.71,2.72,defensives leading,0.3,-2.3,2.6,above 20d avg,0.2869,0.2809,elevated,143.14,142.76
2026-06-24T20:30:26.515Z,risk-on,4-3,normal,0.3,above 20d avg,101.61,99.91,contango,18.63,20.37,-1.74,below 20-obs avg,2.71,2.72,defensives leading,0.3,-2.3,2.6,above 20d avg,0.2869,0.2809,elevated,143.14,142.76
2026-06-24T21:00:28.831Z,risk-on,4-3,normal,0.3,above 20d avg,101.59,99.91,contango,18.63,20.37,-1.74,below 20-obs avg,2.71,2.72,defensives leading,0.3,-2.3,2.6,above 20d avg,0.2869,0.2809,elevated,143.14,142.76
2026-06-24T21:00:29.454Z,risk-on,4-3,normal,0.3,above 20d avg,101.59,99.91,contango,18.63,20.37,-1.74,below 20-obs avg,2.71,2.72,defensives leading,0.3,-2.3,2.6,above 20d avg,0.2869,0.2809,elevated,143.14,142.76
2026-06-24T21:30:28.219Z,risk-on,4-3,normal,0.3,above 20d avg,101.58,99.91,contango,18.63,20.37,-1.74,below 20-obs avg,2.71,2.72,defensives leading,0.3,-2.3,2.6,above 20d avg,0.2869,0.2809,elevated,145.3,143.07
2026-06-24T21:30:29.076Z,risk-on,4-3,normal,0.3,above 20d avg,101.58,99.91,contango,18.63,20.37,-1.74,below 20-obs avg,2.71,2.72,defensives leading,0.3,-2.3,2.6,above 20d avg,0.2869,0.2809,elevated,145.3,143.07
2026-06-24T21:44:57.636Z,risk-on,4-3,normal,0.3,above 20d avg,101.58,99.91,contango,18.63,20.37,-1.74,below 20-obs avg,2.71,2.72,defensives leading,0.3,-2.3,2.6,above 20d avg,0.2869,0.2809,elevated,145.3,143.07
2026-06-24T21:44:58.081Z,risk-on,4-3,normal,0.3,above 20d avg,101.58,99.91,contango,18.63,20.37,-1.74,below 20-obs avg,2.71,2.72,defensives leading,0.3,-2.3,2.6,above 20d avg,0.2869,0.2809,elevated,145.3,143.07
2026-06-25T13:00:26.222Z,risk-on,4-3,normal,0.3,above 20d avg,101.55,100.03,contango,17.86,19.57,-1.71,below 20-obs avg,2.71,2.72,defensives leading,0.3,-2.3,2.6,above 20d avg,0.2869,0.2809,elevated,145.3,143.07
2026-06-25T13:24:01.622Z,risk-on,4-3,normal,0.3,above 20d avg,101.59,100.03,contango,17.89,19.57,-1.68,below 20-obs avg,2.71,2.72,defensives leading,0.3,-2.3,2.6,above 20d avg,0.2869,0.2809,elevated,145.3,143.07
2026-06-25T13:24:02.483Z,risk-on,4-3,normal,0.3,above 20d avg,101.59,100.03,contango,17.89,19.57,-1.68,below 20-obs avg,2.71,2.72,defensives leading,0.3,-2.3,2.6,above 20d avg,0.2869,0.2809,elevated,145.3,143.07
2026-06-25T13:45:26.404Z,risk-on,4-3,normal,0.3,above 20d avg,101.5,100.03,contango,17.87,19.57,-1.7,below 20-obs avg,2.71,2.72,defensives leading,3.1,-0.7,3.9,above 20d avg,0.2889,0.2816,elevated,145.3,143.07
2026-06-25T13:45:26.844Z,risk-on,4-3,normal,0.3,above 20d avg,101.5,100.03,contango,17.87,19.57,-1.7,below 20-obs avg,2.71,2.72,defensives leading,3.1,-0.7,3.9,above 20d avg,0.2889,0.2816,elevated,145.3,143.07
2026-06-25T14:15:26.343Z,risk-on,4-3,normal,0.3,above 20d avg,101.36,100.02,contango,19.69,20.81,-1.12,below 20-obs avg,2.71,2.72,defensives leading,3.4,-0.4,3.8,above 20d avg,0.2904,0.2816,elevated,145.3,143.07
2026-06-25T14:15:26.844Z,risk-on,4-3,normal,0.3,above 20d avg,101.36,100.02,contango,19.69,20.81,-1.12,below 20-obs avg,2.71,2.72,defensives leading,3.4,-0.3,3.7,above 20d avg,0.2904,0.2816,elevated,145.3,143.07
2026-06-25T14:45:26.625Z,risk-on,4-3,normal,0.3,above 20d avg,101.42,100.02,contango,18.94,20.49,-1.55,below 20-obs avg,2.71,2.72,defensives leading,3,-0.4,3.4,above 20d avg,0.2898,0.2816,elevated,145.3,143.07
2026-06-25T14:45:27.068Z,risk-on,4-3,normal,0.3,above 20d avg,101.42,100.02,contango,18.94,20.49,-1.55,below 20-obs avg,2.71,2.72,defensives leading,3,-0.4,3.4,above 20d avg,0.2897,0.2816,elevated,145.3,143.07
2026-06-25T15:15:26.621Z,risk-on,4-3,normal,0.3,above 20d avg,101.32,100.02,contango,18.9,20.46,-1.56,below 20-obs avg,2.71,2.72,defensives leading,3.2,-0.7,3.9,above 20d avg,0.2896,0.2816,elevated,145.3,143.07
2026-06-25T15:15:27.073Z,risk-on,4-3,normal,0.3,above 20d avg,101.32,100.02,contango,18.9,20.46,-1.56,below 20-obs avg,2.71,2.72,defensives leading,3.2,-0.7,3.9,above 20d avg,0.2896,0.2816,elevated,145.3,143.07
2026-06-25T15:45:25.661Z,risk-on,4-3,normal,0.3,above 20d avg,101.34,100.02,contango,19.09,20.55,-1.46,below 20-obs avg,2.71,2.72,defensives leading,2.6,-0.5,3.1,above 20d avg,0.2888,0.2816,elevated,145.3,143.07
2026-06-25T15:45:26.114Z,risk-on,4-3,normal,0.3,above 20d avg,101.34,100.02,contango,19.09,20.55,-1.46,below 20-obs avg,2.71,2.72,defensives leading,2.6,-0.5,3.1,above 20d avg,0.2888,0.2816,elevated,145.3,143.07
2026-06-25T16:05:05.211Z,risk-on,4-3,normal,0.3,above 20d avg,101.38,100.02,contango,18.96,20.48,-1.52,below 20-obs avg,2.71,2.72,defensives leading,2.4,-0.6,3,above 20d avg,0.2889,0.2816,elevated,145.3,143.07
2026-06-25T16:05:05.704Z,risk-on,4-3,normal,0.3,above 20d avg,101.38,100.02,contango,18.96,20.48,-1.52,below 20-obs avg,2.71,2.72,defensives leading,2.4,-0.6,3,above 20d avg,0.289,0.2816,elevated,145.3,143.07
2026-06-25T16:30:24.205Z,risk-on,4-3,normal,0.3,above 20d avg,101.32,100.02,contango,18.64,20.26,-1.62,below 20-obs avg,2.71,2.72,defensives leading,2.5,-0.5,2.9,above 20d avg,0.2892,0.2816,elevated,145.3,143.07
2026-06-25T16:30:24.797Z,risk-on,4-3,normal,0.3,above 20d avg,101.32,100.02,contango,18.64,20.26,-1.62,below 20-obs avg,2.71,2.72,defensives leading,2.5,-0.5,3,above 20d avg,0.2892,0.2816,elevated,145.3,143.07
2026-06-25T17:00:26.498Z,risk-on,4-3,normal,0.3,above 20d avg,101.4,100.02,contango,19.3,20.61,-1.31,below 20-obs avg,2.71,2.72,defensives leading,2.4,-0.8,3.2,above 20d avg,0.2893,0.2816,elevated,145.3,143.07
2026-06-25T17:00:27.040Z,risk-on,4-3,normal,0.3,above 20d avg,101.4,100.02,contango,19.3,20.61,-1.31,below 20-obs avg,2.71,2.72,defensives leading,2.4,-0.8,3.2,above 20d avg,0.2893,0.2816,elevated,145.3,143.07
2026-06-25T17:30:26.009Z,risk-on,4-3,normal,0.3,above 20d avg,101.42,100.02,contango,18.93,20.39,-1.46,below 20-obs avg,2.71,2.72,defensives leading,2.8,-0.7,3.5,above 20d avg,0.289,0.2816,elevated,145.3,143.07
2026-06-25T17:30:26.554Z,risk-on,4-3,normal,0.3,above 20d avg,101.42,100.02,contango,18.93,20.39,-1.46,below 20-obs avg,2.71,2.72,defensives leading,2.8,-0.7,3.5,above 20d avg,0.289,0.2816,elevated,145.3,143.07
2026-06-25T18:00:25.909Z,risk-on,4-3,normal,0.3,above 20d avg,101.42,100.02,contango,19.07,20.46,-1.39,below 20-obs avg,2.71,2.72,defensives leading,3,-0.7,3.6,above 20d avg,0.289,0.2816,elevated,145.3,143.07
2026-06-25T18:00:26.287Z,risk-on,4-3,normal,0.3,above 20d avg,101.42,100.02,contango,19.07,20.46,-1.39,below 20-obs avg,2.71,2.72,defensives leading,3,-0.7,3.6,above 20d avg,0.289,0.2816,elevated,145.3,143.07
2026-06-25T18:25:26.942Z,risk-off,4-3,normal,0.3,above 20d avg,101.4,100.02,contango,18.92,20.35,-1.43,above 20-obs avg,2.76,2.72,defensives leading,3,-0.4,3.5,above 20d avg,0.2885,0.2815,elevated,145.3,143.07
2026-06-25T18:25:27.818Z,risk-off,4-3,normal,0.3,above 20d avg,101.4,100.02,contango,18.92,20.35,-1.43,above 20-obs avg,2.76,2.72,defensives leading,3,-0.4,3.5,above 20d avg,0.2884,0.2815,elevated,145.3,143.07
2026-06-25T18:45:31.679Z,risk-off,4-3,normal,0.3,above 20d avg,101.41,100.02,contango,18.59,20.17,-1.58,above 20-obs avg,2.76,2.72,defensives leading,3.1,-0.8,3.9,above 20d avg,0.2883,0.2815,elevated,145.3,143.07
2026-06-25T18:45:32.270Z,risk-off,4-3,normal,0.3,above 20d avg,101.41,100.02,contango,18.59,20.17,-1.58,above 20-obs avg,2.76,2.72,defensives leading,3.1,-0.8,3.9,above 20d avg,0.2883,0.2815,elevated,145.3,143.07
2026-06-25T19:15:25.117Z,risk-off,4-3,normal,0.3,above 20d avg,101.43,100.02,contango,18.9,20.37,-1.47,above 20-obs avg,2.76,2.72,defensives leading,3.2,-0.9,4.1,above 20d avg,0.2889,0.2816,elevated,145.3,143.07
2026-06-25T19:15:25.712Z,risk-off,4-3,normal,0.3,above 20d avg,101.43,100.02,contango,18.9,20.37,-1.47,above 20-obs avg,2.76,2.72,defensives leading,3.2,-0.9,4.1,above 20d avg,0.2889,0.2816,elevated,145.3,143.07
2026-06-25T19:45:27.080Z,risk-off,4-3,normal,0.3,above 20d avg,101.39,100.02,contango,19.12,20.49,-1.37,above 20-obs avg,2.76,2.72,defensives leading,3.2,-1.1,4.2,above 20d avg,0.289,0.2816,elevated,145.3,143.07
2026-06-25T19:45:27.503Z,risk-off,4-3,normal,0.3,above 20d avg,101.39,100.02,contango,19.12,20.49,-1.37,above 20-obs avg,2.76,2.72,defensives leading,3.2,-1.1,4.2,above 20d avg,0.289,0.2816,elevated,145.3,143.07
2026-06-25T20:15:25.776Z,risk-off,4-3,normal,0.31,above 20d avg,101.43,100.02,contango,18.84,20.31,-1.47,above 20-obs avg,2.76,2.72,defensives leading,3.1,-0.9,4,above 20d avg,0.2884,0.2815,elevated,145.3,143.07
2026-06-25T20:15:26.199Z,risk-off,4-3,normal,0.31,above 20d avg,101.43,100.02,contango,18.84,20.31,-1.47,above 20-obs avg,2.76,2.72,defensives leading,3.1,-0.9,4,above 20d avg,0.2884,0.2815,elevated,145.3,143.07
2026-06-25T20:33:47.624Z,risk-off,4-3,normal,0.31,above 20d avg,101.43,100.02,contango,18.89,20.33,-1.44,above 20-obs avg,2.76,2.72,defensives leading,3.1,-0.9,4,above 20d avg,0.2884,0.2815,elevated,145.3,143.07
2026-06-25T20:33:48.165Z,risk-off,4-3,normal,0.31,above 20d avg,101.43,100.02,contango,18.89,20.33,-1.44,above 20-obs avg,2.76,2.72,defensives leading,3.1,-0.9,4,above 20d avg,0.2884,0.2815,elevated,145.3,143.07
2026-06-26T13:05:08.454Z,risk-off,4-3,normal,0.31,above 20d avg,101.17,100.13,backwardation,20.14,19.57,0.57,above 20-obs avg,2.76,2.72,defensives leading,3.1,-0.9,4,above 20d avg,0.2884,0.2815,subdued,139.89,143.14
2026-06-26T13:18:14.257Z,risk-off,4-3,normal,0.31,above 20d avg,101.09,100.13,backwardation,20.17,19.57,0.6,above 20-obs avg,2.76,2.72,defensives leading,3.1,-0.9,4,above 20d avg,0.2884,0.2815,subdued,139.89,143.14
2026-06-26T13:18:14.693Z,risk-off,4-3,normal,0.31,above 20d avg,101.09,100.13,backwardation,20.17,19.57,0.6,above 20-obs avg,2.76,2.72,defensives leading,3.1,-0.9,4,above 20d avg,0.2884,0.2815,subdued,139.89,143.14
2026-06-26T13:45:30.748Z,risk-off,4-3,normal,0.31,above 20d avg,101.1,100.13,backwardation,20.24,19.57,0.67,above 20-obs avg,2.76,2.72,defensives leading,2.8,-0.4,3.2,above 20d avg,0.2908,0.2823,subdued,139.89,143.14
2026-06-26T13:45:31.464Z,risk-off,4-3,normal,0.31,above 20d avg,101.1,100.13,backwardation,20.24,19.57,0.67,above 20-obs avg,2.76,2.72,defensives leading,2.8,-0.4,3.2,above 20d avg,0.2908,0.2823,subdued,139.89,143.14
2026-06-26T14:05:09.115Z,risk-on,4-3,normal,0.31,above 20d avg,101.12,100.13,contango,20.22,21.17,-0.95,above 20-obs avg,2.76,2.72,defensives leading,2.8,-0.1,2.9,above 20d avg,0.2901,0.2822,subdued,139.89,143.14
2026-06-26T14:05:10.290Z,risk-on,4-3,normal,0.31,above 20d avg,101.12,100.13,contango,20.22,21.17,-0.95,above 20-obs avg,2.76,2.72,defensives leading,2.8,-0.1,2.9,above 20d avg,0.2901,0.2822,subdued,139.89,143.14
2026-06-26T14:30:38.198Z,risk-on,4-3,normal,0.31,above 20d avg,101.09,100.13,contango,19.17,20.57,-1.4,above 20-obs avg,2.76,2.72,defensives leading,2.8,0.1,2.8,above 20d avg,0.2897,0.2822,subdued,139.89,143.14
2026-06-26T14:30:39.052Z,risk-on,4-3,normal,0.31,above 20d avg,101.09,100.13,contango,19.17,20.57,-1.4,above 20-obs avg,2.76,2.72,defensives leading,2.8,0.1,2.8,above 20d avg,0.2897,0.2822,subdued,139.89,143.14
2026-06-26T14:50:08.294Z,risk-on,4-3,normal,0.31,above 20d avg,101.14,100.13,contango,19.14,20.53,-1.39,above 20-obs avg,2.78,2.72,defensives leading,2.7,-0.2,2.9,above 20d avg,0.2897,0.2822,subdued,139.89,143.14
2026-06-26T14:50:09.489Z,risk-on,4-3,normal,0.31,above 20d avg,101.14,100.13,contango,19.14,20.53,-1.39,above 20-obs avg,2.78,2.72,defensives leading,2.7,-0.2,2.9,above 20d avg,0.2897,0.2822,subdued,139.89,143.14
2026-06-26T15:15:24.867Z,risk-on,4-3,normal,0.31,above 20d avg,101.29,100.14,contango,19.31,20.61,-1.3,above 20-obs avg,2.78,2.72,defensives leading,2.8,-0.3,3.1,above 20d avg,0.29,0.2822,subdued,139.89,143.14
2026-06-26T15:15:25.490Z,risk-on,4-3,normal,0.31,above 20d avg,101.29,100.14,contango,19.31,20.61,-1.3,above 20-obs avg,2.78,2.72,defensives leading,2.8,-0.3,3.1,above 20d avg,0.29,0.2822,subdued,139.89,143.14
2026-06-26T15:34:24.342Z,risk-on,4-3,normal,0.31,above 20d avg,101.22,100.13,contango,19.2,20.56,-1.36,above 20-obs avg,2.78,2.72,defensives leading,3,0,3,above 20d avg,0.2898,0.2822,subdued,139.89,143.14
2026-06-26T15:34:24.764Z,risk-on,4-3,normal,0.31,above 20d avg,101.22,100.13,contango,19.2,20.56,-1.36,above 20-obs avg,2.78,2.72,defensives leading,3,0,3,above 20d avg,0.2898,0.2822,subdued,139.89,143.14
2026-06-26T16:00:28.717Z,risk-on,4-3,normal,0.31,above 20d avg,101.21,100.13,contango,18.66,20.27,-1.61,above 20-obs avg,2.78,2.72,defensives leading,3.1,0.2,2.9,above 20d avg,0.2896,0.2822,subdued,139.89,143.14
2026-06-26T16:00:29.499Z,risk-on,4-3,normal,0.31,above 20d avg,101.21,100.13,contango,18.66,20.27,-1.61,above 20-obs avg,2.78,2.72,defensives leading,3.1,0.2,2.9,above 20d avg,0.2896,0.2822,subdued,139.89,143.14
2026-06-26T16:20:07.243Z,risk-on,4-3,normal,0.31,above 20d avg,101.25,100.13,contango,18.8,20.35,-1.55,above 20-obs avg,2.78,2.72,defensives leading,3.1,0,3,above 20d avg,0.2899,0.2822,subdued,139.89,143.14
2026-06-26T16:20:07.970Z,risk-on,4-3,normal,0.31,above 20d avg,101.25,100.13,contango,18.8,20.35,-1.55,above 20-obs avg,2.78,2.72,defensives leading,3,0,3,above 20d avg,0.2899,0.2822,subdued,139.89,143.14
2026-06-26T16:45:25.520Z,risk-on,4-3,normal,0.31,above 20d avg,101.33,100.14,contango,19.14,20.54,-1.4,above 20-obs avg,2.78,2.72,defensives leading,2.9,-0.2,3.1,above 20d avg,0.2896,0.2822,subdued,139.89,143.14
2026-06-26T16:45:26.643Z,risk-on,4-3,normal,0.31,above 20d avg,101.33,100.14,contango,19.14,20.54,-1.4,above 20-obs avg,2.78,2.72,defensives leading,2.9,-0.2,3.1,above 20d avg,0.2895,0.2822,subdued,139.89,143.14
2026-06-26T17:05:06.714Z,risk-on,4-3,normal,0.31,above 20d avg,101.33,100.14,contango,18.95,20.42,-1.47,above 20-obs avg,2.78,2.72,defensives leading,2.9,-0.2,3.1,above 20d avg,0.2894,0.2822,subdued,139.89,143.14
2026-06-26T17:05:07.680Z,risk-on,4-3,normal,0.31,above 20d avg,101.33,100.14,contango,18.95,20.42,-1.47,above 20-obs avg,2.78,2.72,defensives leading,2.9,-0.2,3.1,above 20d avg,0.2894,0.2822,subdued,139.89,143.14
2026-06-26T17:23:35.480Z,risk-on,4-3,normal,0.31,above 20d avg,101.31,100.14,contango,18.72,20.29,-1.57,above 20-obs avg,2.78,2.72,defensives leading,3,-0.3,3.3,above 20d avg,0.2893,0.2822,subdued,139.89,143.14
2026-06-26T17:23:36.158Z,risk-on,4-3,normal,0.31,above 20d avg,101.31,100.14,contango,18.72,20.29,-1.57,above 20-obs avg,2.78,2.72,defensives leading,3,-0.3,3.3,above 20d avg,0.2893,0.2822,subdued,139.89,143.14
2026-06-26T17:45:29.855Z,risk-on,4-3,normal,0.31,above 20d avg,101.35,100.14,contango,18.68,20.27,-1.59,above 20-obs avg,2.78,2.72,defensives leading,3,-0.2,3.2,above 20d avg,0.2892,0.2822,subdued,139.89,143.14
2026-06-26T17:45:30.592Z,risk-on,4-3,normal,0.31,above 20d avg,101.35,100.14,contango,18.68,20.27,-1.59,above 20-obs avg,2.78,2.72,defensives leading,3,-0.2,3.2,above 20d avg,0.2893,0.2822,subdued,139.89,143.14
2026-06-26T18:05:08.557Z,risk-on,4-3,normal,0.31,above 20d avg,101.34,100.14,contango,18.86,20.35,-1.49,above 20-obs avg,2.78,2.72,defensives leading,2.9,-0.2,3.1,above 20d avg,0.2893,0.2822,subdued,139.89,143.14
2026-06-26T18:05:09.855Z,risk-on,4-3,normal,0.31,above 20d avg,101.34,100.14,contango,18.86,20.35,-1.49,above 20-obs avg,2.78,2.72,defensives leading,2.9,-0.2,3.1,above 20d avg,0.2893,0.2822,subdued,139.89,143.14
2026-06-26T18:30:26.320Z,risk-on,4-3,normal,0.31,above 20d avg,101.34,100.14,contango,18.72,20.27,-1.55,above 20-obs avg,2.78,2.72,defensives leading,2.9,-0.2,3.1,above 20d avg,0.2896,0.2822,subdued,139.89,143.14
2026-06-26T18:30:26.941Z,risk-on,4-3,normal,0.31,above 20d avg,101.34,100.14,contango,18.72,20.27,-1.55,above 20-obs avg,2.78,2.72,defensives leading,2.9,-0.2,3.1,above 20d avg,0.2896,0.2822,subdued,139.89,143.14
2026-06-26T18:50:08.605Z,risk-on,4-3,normal,0.31,above 20d avg,101.32,100.14,contango,18.72,20.28,-1.56,above 20-obs avg,2.78,2.72,defensives leading,2.9,-0.4,3.3,above 20d avg,0.2896,0.2822,subdued,139.89,143.14
2026-06-26T18:50:09.595Z,risk-on,4-3,normal,0.31,above 20d avg,101.32,100.14,contango,18.72,20.28,-1.56,above 20-obs avg,2.78,2.72,defensives leading,2.9,-0.4,3.3,above 20d avg,0.2896,0.2822,subdued,139.89,143.14
2026-06-26T19:15:25.323Z,risk-on,4-3,normal,0.31,above 20d avg,101.36,100.14,contango,19.13,20.46,-1.33,above 20-obs avg,2.78,2.72,defensives leading,2.9,-0.3,3.2,above 20d avg,0.2894,0.2822,subdued,139.89,143.14
2026-06-26T19:15:25.979Z,risk-on,4-3,normal,0.31,above 20d avg,101.36,100.14,contango,19.13,20.46,-1.33,above 20-obs avg,2.78,2.72,defensives leading,2.9,-0.3,3.2,above 20d avg,0.2894,0.2822,subdued,139.89,143.14
2026-06-26T19:17:53.253Z,risk-on,4-3,normal,0.31,above 20d avg,101.35,100.14,contango,18.89,20.36,-1.47,above 20-obs avg,2.78,2.72,defensives leading,2.9,-0.3,3.2,above 20d avg,0.2894,0.2822,subdued,139.89,143.14
2026-06-26T19:17:54.067Z,risk-on,4-3,normal,0.31,above 20d avg,101.35,100.14,contango,18.89,20.36,-1.47,above 20-obs avg,2.78,2.72,defensives leading,2.9,-0.3,3.2,above 20d avg,0.2894,0.2822,subdued,139.89,143.14
2026-06-26T19:45:26.708Z,risk-on,4-3,normal,0.31,above 20d avg,101.36,100.14,contango,18.87,20.32,-1.45,above 20-obs avg,2.78,2.72,defensives leading,2.8,-0.4,3.2,above 20d avg,0.2892,0.2822,subdued,139.89,143.14
2026-06-26T19:45:27.497Z,risk-on,4-3,normal,0.31,above 20d avg,101.36,100.14,contango,18.87,20.32,-1.45,above 20-obs avg,2.78,2.72,defensives leading,2.8,-0.4,3.2,above 20d avg,0.2892,0.2822,subdued,139.89,143.14
2026-06-26T20:15:25.602Z,risk-on,4-3,normal,0.31,above 20d avg,101.34,100.14,contango,19.29,20.32,-1.03,above 20-obs avg,2.78,2.72,defensives leading,3.2,-0.2,3.4,above 20d avg,0.2885,0.2822,subdued,139.89,143.14
2026-06-26T20:15:26.345Z,risk-on,4-3,normal,0.31,above 20d avg,101.34,100.14,contango,19.29,20.32,-1.03,above 20-obs avg,2.78,2.72,defensives leading,3.2,-0.2,3.4,above 20d avg,0.2885,0.2822,subdued,139.89,143.14
2026-06-26T20:45:27.511Z,risk-on,4-3,normal,0.31,above 20d avg,101.33,100.14,contango,18.41,20.13,-1.72,above 20-obs avg,2.78,2.72,defensives leading,3.2,-0.2,3.4,above 20d avg,0.2885,0.2822,subdued,139.89,143.14
2026-06-26T20:45:28.354Z,risk-on,4-3,normal,0.31,above 20d avg,101.33,100.14,contango,18.41,20.13,-1.72,above 20-obs avg,2.78,2.72,defensives leading,3.2,-0.2,3.4,above 20d avg,0.2885,0.2822,subdued,139.89,143.14
2026-06-26T21:00:15.014Z,risk-on,4-3,normal,0.31,above 20d avg,101.35,100.14,contango,18.41,20.13,-1.72,above 20-obs avg,2.78,2.72,defensives leading,3.2,-0.2,3.4,above 20d avg,0.2885,0.2822,subdued,139.89,143.14
2026-06-26T21:00:15.422Z,risk-on,4-3,normal,0.31,above 20d avg,101.35,100.14,contango,18.41,20.13,-1.72,above 20-obs avg,2.78,2.72,defensives leading,3.2,-0.2,3.4,above 20d avg,0.2885,0.2822,subdued,139.89,143.14
2026-06-26T21:30:27.980Z,risk-on,4-3,normal,0.31,above 20d avg,101.37,100.14,contango,18.41,20.13,-1.72,above 20-obs avg,2.78,2.72,defensives leading,3.2,-0.2,3.4,above 20d avg,0.2885,0.2822,subdued,139.4,143.13
2026-06-26T21:30:28.569Z,risk-on,4-3,normal,0.31,above 20d avg,101.37,100.14,contango,18.41,20.13,-1.72,above 20-obs avg,2.78,2.72,defensives leading,3.2,-0.2,3.4,above 20d avg,0.2885,0.2822,subdued,139.4,143.13
2026-06-29T12:40:39.934Z,risk-on,4-3,normal,0.31,above 20d avg,101.25,100.26,contango,18.25,20.13,-1.88,above 20-obs avg,2.78,2.72,defensives leading,3.2,-0.2,3.4,above 20d avg,0.2885,0.2822,subdued,139.4,143.13
2026-06-29T13:00:26.231Z,risk-on,4-3,normal,0.31,above 20d avg,101.27,100.26,contango,18.36,20.13,-1.77,above 20-obs avg,2.78,2.72,defensives leading,3.2,-0.2,3.4,above 20d avg,0.2885,0.2822,subdued,139.4,143.13
2026-06-29T13:00:26.677Z,risk-on,4-3,normal,0.31,above 20d avg,101.27,100.26,contango,18.36,20.13,-1.77,above 20-obs avg,2.78,2.72,defensives leading,3.2,-0.2,3.4,above 20d avg,0.2885,0.2822,subdued,139.4,143.13
2026-06-29T13:25:37.979Z,risk-on,4-3,normal,0.31,above 20d avg,101.25,100.26,contango,18.21,20.13,-1.92,above 20-obs avg,2.78,2.72,defensives leading,3.2,-0.2,3.4,above 20d avg,0.2885,0.2822,subdued,139.4,143.13
2026-06-29T13:25:38.418Z,risk-on,4-3,normal,0.31,above 20d avg,101.25,100.26,contango,18.21,20.13,-1.92,above 20-obs avg,2.78,2.72,defensives leading,3.2,-0.2,3.4,above 20d avg,0.2885,0.2822,subdued,139.4,143.13
2026-06-29T13:45:26.963Z,risk-on,4-3,normal,0.31,above 20d avg,101.22,100.26,contango,18.27,20.13,-1.86,above 20-obs avg,2.78,2.72,defensives leading,3.3,0.5,2.8,above 20d avg,0.2884,0.2828,subdued,139.4,143.13
2026-06-29T13:45:27.566Z,risk-on,4-3,normal,0.31,above 20d avg,101.22,100.26,contango,18.27,20.13,-1.86,above 20-obs avg,2.78,2.72,defensives leading,3.3,0.5,2.8,above 20d avg,0.2884,0.2828,subdued,139.4,143.13
2026-06-29T14:10:39.444Z,risk-on,4-3,normal,0.31,above 20d avg,101.19,100.25,contango,18.23,19.78,-1.55,above 20-obs avg,2.78,2.72,defensives leading,3.2,0.2,2.9,above 20d avg,0.2892,0.2828,subdued,139.4,143.13
2026-06-29T14:10:39.922Z,risk-on,4-3,normal,0.31,above 20d avg,101.19,100.25,contango,18.23,19.78,-1.55,above 20-obs avg,2.78,2.72,defensives leading,3.2,0.2,2.9,above 20d avg,0.2892,0.2828,subdued,139.4,143.13
2026-06-29T14:30:25.232Z,risk-on,4-3,normal,0.31,above 20d avg,101.19,100.25,contango,19.44,20.46,-1.02,above 20-obs avg,2.78,2.72,defensives leading,3.1,0.5,2.6,above 20d avg,0.2892,0.2828,subdued,139.4,143.13
2026-06-29T14:30:25.858Z,risk-on,4-3,normal,0.31,above 20d avg,101.19,100.25,contango,19.44,20.46,-1.02,above 20-obs avg,2.78,2.72,defensives leading,3.1,0.5,2.6,above 20d avg,0.2892,0.2828,subdued,139.4,143.13
2026-06-29T14:52:31.205Z,risk-on,4-3,normal,0.31,above 20d avg,101.15,100.25,contango,18.46,19.89,-1.43,above 20-obs avg,2.83,2.73,defensives leading,2.9,0.3,2.6,above 20d avg,0.2884,0.2828,subdued,139.4,143.13
2026-06-29T14:52:31.637Z,risk-on,4-3,normal,0.31,above 20d avg,101.15,100.25,contango,18.46,19.89,-1.43,above 20-obs avg,2.83,2.73,defensives leading,2.9,0.3,2.6,above 20d avg,0.2884,0.2828,subdued,139.4,143.13
2026-06-29T15:10:39.619Z,risk-on,4-3,normal,0.31,above 20d avg,101.15,100.25,contango,18.4,19.86,-1.46,above 20-obs avg,2.83,2.73,defensives leading,2.7,0.2,2.6,above 20d avg,0.2882,0.2828,subdued,139.4,143.13
2026-06-29T15:10:40.049Z,risk-on,4-3,normal,0.31,above 20d avg,101.15,100.25,contango,18.4,19.86,-1.46,above 20-obs avg,2.83,2.73,defensives leading,2.7,0.2,2.6,above 20d avg,0.2882,0.2828,subdued,139.4,143.13
2026-06-29T15:30:26.557Z,risk-on,4-3,normal,0.31,above 20d avg,101.16,100.25,contango,18.21,19.77,-1.56,above 20-obs avg,2.83,2.73,defensives leading,2.7,0.1,2.6,above 20d avg,0.2877,0.2827,subdued,139.4,143.13
2026-06-29T15:30:27.080Z,risk-on,4-3,normal,0.31,above 20d avg,101.16,100.25,contango,18.21,19.77,-1.56,above 20-obs avg,2.83,2.73,defensives leading,2.7,0.1,2.6,above 20d avg,0.2877,0.2827,subdued,139.4,143.13
2026-06-29T15:55:39.523Z,risk-on,4-3,normal,0.31,above 20d avg,101.14,100.25,contango,18.07,19.67,-1.6,above 20-obs avg,2.83,2.73,defensives leading,2.6,0.2,2.4,above 20d avg,0.2876,0.2827,subdued,139.4,143.13
2026-06-29T15:55:40.146Z,risk-on,4-3,normal,0.31,above 20d avg,101.14,100.25,contango,18.07,19.67,-1.6,above 20-obs avg,2.83,2.73,defensives leading,2.6,0.2,2.4,above 20d avg,0.2876,0.2827,subdued,139.4,143.13
2026-06-29T16:15:25.570Z,risk-on,4-3,normal,0.31,above 20d avg,101.11,100.25,contango,17.86,19.56,-1.7,above 20-obs avg,2.83,2.73,defensives leading,2.6,0.3,2.3,above 20d avg,0.2878,0.2827,subdued,139.4,143.13
2026-06-29T16:15:25.961Z,risk-on,4-3,normal,0.31,above 20d avg,101.11,100.25,contango,17.86,19.56,-1.7,above 20-obs avg,2.83,2.73,defensives leading,2.6,0.3,2.3,above 20d avg,0.2878,0.2827,subdued,139.4,143.13
2026-06-29T16:40:38.140Z,risk-on,4-3,normal,0.31,above 20d avg,101.12,100.25,contango,17.81,19.53,-1.72,above 20-obs avg,2.83,2.73,defensives leading,3,0.2,2.8,above 20d avg,0.2879,0.2828,subdued,139.4,143.13
2026-06-29T16:40:38.541Z,risk-on,4-3,normal,0.31,above 20d avg,101.12,100.25,contango,17.81,19.53,-1.72,above 20-obs avg,2.83,2.73,defensives leading,3,0.2,2.8,above 20d avg,0.2879,0.2828,subdued,139.4,143.13
2026-06-29T17:00:26.356Z,risk-on,4-3,normal,0.31,above 20d avg,101.08,100.25,contango,17.92,19.57,-1.65,above 20-obs avg,2.83,2.73,defensives leading,2.8,0.2,2.6,above 20d avg,0.2875,0.2827,subdued,139.4,143.13
2026-06-29T17:00:26.959Z,risk-on,4-3,normal,0.31,above 20d avg,101.08,100.25,contango,17.92,19.57,-1.65,above 20-obs avg,2.83,2.73,defensives leading,2.8,0.2,2.6,above 20d avg,0.2875,0.2827,subdued,139.4,143.13
2026-06-29T17:25:38.915Z,risk-on,4-3,normal,0.31,above 20d avg,101.1,100.25,contango,17.81,19.51,-1.7,above 20-obs avg,2.83,2.73,defensives leading,2.6,0.2,2.4,above 20d avg,0.2875,0.2827,subdued,139.4,143.13
2026-06-29T17:25:39.301Z,risk-on,4-3,normal,0.31,above 20d avg,101.1,100.25,contango,17.81,19.51,-1.7,above 20-obs avg,2.83,2.73,defensives leading,2.6,0.2,2.4,above 20d avg,0.2875,0.2827,subdued,139.4,143.13
2026-06-29T17:29:56.217Z,risk-on,4-3,normal,0.31,above 20d avg,101.12,100.25,contango,17.76,19.48,-1.72,above 20-obs avg,2.83,2.73,defensives leading,2.6,0.3,2.4,above 20d avg,0.2873,0.2827,subdued,139.4,143.13
2026-06-29T17:29:56.852Z,risk-on,4-3,normal,0.31,above 20d avg,101.12,100.25,contango,17.76,19.48,-1.72,above 20-obs avg,2.83,2.73,defensives leading,2.6,0.3,2.4,above 20d avg,0.2873,0.2827,subdued,139.4,143.13
2026-06-29T17:55:39.745Z,risk-on,4-3,normal,0.31,above 20d avg,101.12,100.25,contango,17.77,19.53,-1.76,above 20-obs avg,2.83,2.73,defensives leading,2.6,0.4,2.3,above 20d avg,0.2873,0.2827,subdued,139.4,143.13
2026-06-29T17:55:40.432Z,risk-on,4-3,normal,0.31,above 20d avg,101.12,100.25,contango,17.77,19.53,-1.76,above 20-obs avg,2.83,2.73,defensives leading,2.6,0.4,2.3,above 20d avg,0.2873,0.2827,subdued,139.4,143.13
2026-06-29T18:15:25.498Z,risk-on,4-3,normal,0.31,above 20d avg,101.1,100.25,contango,17.75,19.55,-1.8,above 20-obs avg,2.83,2.73,defensives leading,2.7,0.4,2.3,above 20d avg,0.2874,0.2827,subdued,139.4,143.13
2026-06-29T18:15:25.999Z,risk-on,4-3,normal,0.31,above 20d avg,101.1,100.25,contango,17.75,19.55,-1.8,above 20-obs avg,2.83,2.73,defensives leading,2.7,0.4,2.3,above 20d avg,0.2874,0.2827,subdued,139.4,143.13
