tMs,etLabel,source,status,freshnessMin,divergencePct,note
1781883407223,Jun 19 2026 11:36 AM ET,prices (Yahoo),ok,0,0,19 cross-checked vs CNBC
1781883407223,Jun 19 2026 11:36 AM ET,VIX (Yahoo),ok,,0,vs CNBC .VIX
1781883407223,Jun 19 2026 11:36 AM ET,CNN Fear & Greed,ok,877,,display-only (T3)
1781883407223,Jun 19 2026 11:36 AM ET,Crypto Fear & Greed,ok,937,,
1781883407223,Jun 19 2026 11:36 AM ET,SEC filings,ok,,,
1781883407223,Jun 19 2026 11:36 AM ET,Company posts (X),ok (some handles unverified),,,
1781883407223,Jun 19 2026 11:36 AM ET,Reddit,skipped,,,context-only (T3)
1781883407223,Jun 19 2026 11:36 AM ET,StockTwits,skipped,,,context-only (T3)
1781883407223,Jun 19 2026 11:36 AM ET,Econ calendar,skipped,,,
1781883407223,Jun 19 2026 11:36 AM ET,Earnings,skipped,,,
1781883407223,Jun 19 2026 11:36 AM ET,news: CNBC top news,ok,,,
1781883407223,Jun 19 2026 11:36 AM ET,news: MarketWatch top,ok,,,
1781883407223,Jun 19 2026 11:36 AM ET,news: Google News — stock market,ok,,,
1781889537818,Jun 19 2026 1:18 PM ET,prices (Yahoo),ok,0,0,19 cross-checked vs CNBC
1781889537818,Jun 19 2026 1:18 PM ET,VIX (Yahoo),ok,,0,vs CNBC .VIX
1781889537818,Jun 19 2026 1:18 PM ET,CNN Fear & Greed,ok,979,,display-only (T3)
1781889537818,Jun 19 2026 1:18 PM ET,Crypto Fear & Greed,ok,1039,,
1781889537818,Jun 19 2026 1:18 PM ET,SEC filings,ok,,,
1781889537818,Jun 19 2026 1:18 PM ET,Company posts (X),ok (some handles unverified),,,
1781889537818,Jun 19 2026 1:18 PM ET,Reddit,skipped,,,context-only (T3)
1781889537818,Jun 19 2026 1:18 PM ET,StockTwits,skipped,,,context-only (T3)
1781889537818,Jun 19 2026 1:18 PM ET,Econ calendar,skipped,,,
1781889537818,Jun 19 2026 1:18 PM ET,Earnings,skipped,,,
1781889537818,Jun 19 2026 1:18 PM ET,news: CNBC top news,ok,,,
1781889537818,Jun 19 2026 1:18 PM ET,news: MarketWatch top,ok,,,
1781889537818,Jun 19 2026 1:18 PM ET,news: Google News — stock market,ok,,,
1781890037862,Jun 19 2026 1:27 PM ET,prices (Yahoo),ok,0,0,18 cross-checked vs CNBC
1781890037862,Jun 19 2026 1:27 PM ET,VIX (Yahoo),ok,,0,vs CNBC .VIX
1781890037862,Jun 19 2026 1:27 PM ET,CNN Fear & Greed,ok,988,,display-only (T3)
1781890037862,Jun 19 2026 1:27 PM ET,Crypto Fear & Greed,ok,1047,,
1781890037862,Jun 19 2026 1:27 PM ET,SEC filings,ok,,,
1781890037862,Jun 19 2026 1:27 PM ET,Company posts (X),ok (some handles unverified),,,
1781890037862,Jun 19 2026 1:27 PM ET,Reddit,skipped,,,context-only (T3)
1781890037862,Jun 19 2026 1:27 PM ET,StockTwits,skipped,,,context-only (T3)
1781890037862,Jun 19 2026 1:27 PM ET,Econ calendar,skipped,,,
1781890037862,Jun 19 2026 1:27 PM ET,Earnings,skipped,,,
1781890037862,Jun 19 2026 1:27 PM ET,news: CNBC top news,ok,,,
1781890037862,Jun 19 2026 1:27 PM ET,news: MarketWatch top,ok,,,
1781890037862,Jun 19 2026 1:27 PM ET,news: Google News — stock market,ok,,,
1781890232167,Jun 19 2026 1:30 PM ET,prices (Yahoo),ok,0,0,18 cross-checked vs CNBC
1781890232167,Jun 19 2026 1:30 PM ET,VIX (Yahoo),ok,,0,vs CNBC .VIX
1781890232167,Jun 19 2026 1:30 PM ET,CNN Fear & Greed,ok,991,,display-only (T3)
1781890232167,Jun 19 2026 1:30 PM ET,Crypto Fear & Greed,ok,1051,,
1781890232167,Jun 19 2026 1:30 PM ET,SEC filings,ok,,,
1781890232167,Jun 19 2026 1:30 PM ET,Company posts (X),ok (some handles unverified),,,
1781890232167,Jun 19 2026 1:30 PM ET,Reddit,skipped,,,context-only (T3)
1781890232167,Jun 19 2026 1:30 PM ET,StockTwits,skipped,,,context-only (T3)
1781890232167,Jun 19 2026 1:30 PM ET,Econ calendar,skipped,,,
1781890232167,Jun 19 2026 1:30 PM ET,Earnings,skipped,,,
1781890232167,Jun 19 2026 1:30 PM ET,news: CNBC top news,ok,,,
1781890232167,Jun 19 2026 1:30 PM ET,news: MarketWatch top,ok,,,
1781890232167,Jun 19 2026 1:30 PM ET,news: Google News — stock market,ok,,,
1781891558107,Jun 19 2026 1:52 PM ET,prices (Yahoo),ok,0,0,19 cross-checked vs CNBC
1781891558107,Jun 19 2026 1:52 PM ET,VIX (Yahoo),ok,,0,vs CNBC .VIX
1781891558107,Jun 19 2026 1:52 PM ET,CNN Fear & Greed,ok,1013,,display-only (T3)
1781891558107,Jun 19 2026 1:52 PM ET,Crypto Fear & Greed,ok,1073,,
1781891558107,Jun 19 2026 1:52 PM ET,SEC filings,ok,,,
1781891558107,Jun 19 2026 1:52 PM ET,Company posts (X),ok (some handles unverified),,,
1781891558107,Jun 19 2026 1:52 PM ET,Reddit,skipped,,,context-only (T3)
1781891558107,Jun 19 2026 1:52 PM ET,StockTwits,skipped,,,context-only (T3)
1781891558107,Jun 19 2026 1:52 PM ET,Econ calendar,skipped,,,
1781891558107,Jun 19 2026 1:52 PM ET,Earnings,skipped,,,
1781891558107,Jun 19 2026 1:52 PM ET,news: CNBC top news,ok,,,
1781891558107,Jun 19 2026 1:52 PM ET,news: MarketWatch top,ok,,,
1781891558107,Jun 19 2026 1:52 PM ET,news: Google News — stock market,ok,,,
1781892902231,Jun 19 2026 2:15 PM ET,prices (Yahoo),ok,0,0,18 cross-checked vs CNBC
1781892902231,Jun 19 2026 2:15 PM ET,VIX (Yahoo),ok,,0,vs CNBC .VIX
1781892902231,Jun 19 2026 2:15 PM ET,CNN Fear & Greed,ok,1035,,display-only (T3)
1781892902231,Jun 19 2026 2:15 PM ET,Crypto Fear & Greed,ok,1095,,
1781892902231,Jun 19 2026 2:15 PM ET,SEC filings,ok,,,
1781892902231,Jun 19 2026 2:15 PM ET,Company posts (X),ok (some handles unverified),,,
1781892902231,Jun 19 2026 2:15 PM ET,Reddit,skipped,,,context-only (T3)
1781892902231,Jun 19 2026 2:15 PM ET,StockTwits,skipped,,,context-only (T3)
1781892902231,Jun 19 2026 2:15 PM ET,Econ calendar,skipped,,,
1781892902231,Jun 19 2026 2:15 PM ET,Earnings,skipped,,,
1781892902231,Jun 19 2026 2:15 PM ET,news: CNBC top news,ok,,,
1781892902231,Jun 19 2026 2:15 PM ET,news: MarketWatch top,ok,,,
1781892902231,Jun 19 2026 2:15 PM ET,news: Google News — stock market,ok,,,
1781894703214,Jun 19 2026 2:45 PM ET,prices (Yahoo),ok,0,0,19 cross-checked vs CNBC
1781894703214,Jun 19 2026 2:45 PM ET,VIX (Yahoo),ok,,0,vs CNBC .VIX
1781894703214,Jun 19 2026 2:45 PM ET,CNN Fear & Greed,ok,1065,,display-only (T3)
1781894703214,Jun 19 2026 2:45 PM ET,Crypto Fear & Greed,ok,1125,,
1781894703214,Jun 19 2026 2:45 PM ET,SEC filings,ok,,,
1781894703214,Jun 19 2026 2:45 PM ET,Company posts (X),ok (some handles unverified),,,
1781894703214,Jun 19 2026 2:45 PM ET,Reddit,skipped,,,context-only (T3)
1781894703214,Jun 19 2026 2:45 PM ET,StockTwits,skipped,,,context-only (T3)
1781894703214,Jun 19 2026 2:45 PM ET,Econ calendar,skipped,,,
1781894703214,Jun 19 2026 2:45 PM ET,Earnings,skipped,,,
1781894703214,Jun 19 2026 2:45 PM ET,news: CNBC top news,ok,,,
1781894703214,Jun 19 2026 2:45 PM ET,news: MarketWatch top,ok,,,
1781894703214,Jun 19 2026 2:45 PM ET,news: Google News — stock market,ok,,,
1781896502920,Jun 19 2026 3:15 PM ET,prices (Yahoo),ok,0,0,18 cross-checked vs CNBC
1781896502920,Jun 19 2026 3:15 PM ET,VIX (Yahoo),ok,,0,vs CNBC .VIX
1781896502920,Jun 19 2026 3:15 PM ET,CNN Fear & Greed,ok,1095,,display-only (T3)
1781896502920,Jun 19 2026 3:15 PM ET,Crypto Fear & Greed,ok,1155,,
1781896502920,Jun 19 2026 3:15 PM ET,SEC filings,ok,,,
1781896502920,Jun 19 2026 3:15 PM ET,Company posts (X),ok (some handles unverified),,,
1781896502920,Jun 19 2026 3:15 PM ET,Reddit,skipped,,,context-only (T3)
1781896502920,Jun 19 2026 3:15 PM ET,StockTwits,skipped,,,context-only (T3)
1781896502920,Jun 19 2026 3:15 PM ET,Econ calendar,skipped,,,
1781896502920,Jun 19 2026 3:15 PM ET,Earnings,skipped,,,
1781896502920,Jun 19 2026 3:15 PM ET,news: CNBC top news,ok,,,
1781896502920,Jun 19 2026 3:15 PM ET,news: MarketWatch top,ok,,,
1781896502920,Jun 19 2026 3:15 PM ET,news: Google News — stock market,ok,,,
1781896574174,Jun 19 2026 3:16 PM ET,prices (Yahoo),ok,0,0,19 cross-checked vs CNBC
1781896574174,Jun 19 2026 3:16 PM ET,VIX (Yahoo),ok,,0,vs CNBC .VIX
1781896574174,Jun 19 2026 3:16 PM ET,CNN Fear & Greed,ok,1096,,display-only (T3)
1781896574174,Jun 19 2026 3:16 PM ET,Crypto Fear & Greed,ok,1156,,
1781896574174,Jun 19 2026 3:16 PM ET,SEC filings,ok,,,
1781896574174,Jun 19 2026 3:16 PM ET,Company posts (X),ok (some handles unverified),,,
1781896574174,Jun 19 2026 3:16 PM ET,Reddit,skipped,,,context-only (T3)
1781896574174,Jun 19 2026 3:16 PM ET,StockTwits,skipped,,,context-only (T3)
1781896574174,Jun 19 2026 3:16 PM ET,Econ calendar,skipped,,,
1781896574174,Jun 19 2026 3:16 PM ET,Earnings,skipped,,,
1781896574174,Jun 19 2026 3:16 PM ET,news: CNBC top news,ok,,,
1781896574174,Jun 19 2026 3:16 PM ET,news: MarketWatch top,ok,,,
1781896574174,Jun 19 2026 3:16 PM ET,news: Google News — stock market,ok,,,
1781902203151,Jun 19 2026 4:50 PM ET,prices (Yahoo),ok,0,0,18 cross-checked vs CNBC
1781902203151,Jun 19 2026 4:50 PM ET,VIX (Yahoo),ok,,0,vs CNBC .VIX
1781902203151,Jun 19 2026 4:50 PM ET,CNN Fear & Greed,ok,1190,,display-only (T3)
1781902203151,Jun 19 2026 4:50 PM ET,Crypto Fear & Greed,ok,1250,,
1781902203151,Jun 19 2026 4:50 PM ET,SEC filings,ok,,,
1781902203151,Jun 19 2026 4:50 PM ET,Company posts (X),ok (some handles unverified),,,
1781902203151,Jun 19 2026 4:50 PM ET,Reddit,skipped,,,context-only (T3)
1781902203151,Jun 19 2026 4:50 PM ET,StockTwits,skipped,,,context-only (T3)
1781902203151,Jun 19 2026 4:50 PM ET,Econ calendar,skipped,,,
1781902203151,Jun 19 2026 4:50 PM ET,Earnings,skipped,,,
1781902203151,Jun 19 2026 4:50 PM ET,news: CNBC top news,ok,,,
1781902203151,Jun 19 2026 4:50 PM ET,news: MarketWatch top,ok,,,
1781902203151,Jun 19 2026 4:50 PM ET,news: Google News — stock market,ok,,,
1781903701923,Jun 19 2026 5:15 PM ET,prices (Yahoo),ok,0,0,18 cross-checked vs CNBC
1781903701923,Jun 19 2026 5:15 PM ET,VIX (Yahoo),ok,,0,vs CNBC .VIX
1781903701923,Jun 19 2026 5:15 PM ET,CNN Fear & Greed,ok,1215,,display-only (T3)
1781903701923,Jun 19 2026 5:15 PM ET,Crypto Fear & Greed,ok,1275,,
1781903701923,Jun 19 2026 5:15 PM ET,SEC filings,ok,,,
1781903701923,Jun 19 2026 5:15 PM ET,Company posts (X),ok (some handles unverified),,,
1781903701923,Jun 19 2026 5:15 PM ET,Reddit,skipped,,,context-only (T3)
1781903701923,Jun 19 2026 5:15 PM ET,StockTwits,skipped,,,context-only (T3)
1781903701923,Jun 19 2026 5:15 PM ET,Econ calendar,skipped,,,
1781903701923,Jun 19 2026 5:15 PM ET,Earnings,skipped,,,
1781903701923,Jun 19 2026 5:15 PM ET,news: CNBC top news,ok,,,
1781903701923,Jun 19 2026 5:15 PM ET,news: MarketWatch top,ok,,,
1781903701923,Jun 19 2026 5:15 PM ET,news: Google News — stock market,ok,,,
1781905502550,Jun 19 2026 5:45 PM ET,prices (Yahoo),ok,0,0,18 cross-checked vs CNBC
1781905502550,Jun 19 2026 5:45 PM ET,VIX (Yahoo),ok,,0,vs CNBC .VIX
1781905502550,Jun 19 2026 5:45 PM ET,CNN Fear & Greed,ok,1245,,display-only (T3)
1781905502550,Jun 19 2026 5:45 PM ET,Crypto Fear & Greed,ok,1305,,
1781905502550,Jun 19 2026 5:45 PM ET,SEC filings,ok,,,
1781905502550,Jun 19 2026 5:45 PM ET,Company posts (X),ok (some handles unverified),,,
1781905502550,Jun 19 2026 5:45 PM ET,Reddit,skipped,,,context-only (T3)
1781905502550,Jun 19 2026 5:45 PM ET,StockTwits,skipped,,,context-only (T3)
1781905502550,Jun 19 2026 5:45 PM ET,Econ calendar,skipped,,,
1781905502550,Jun 19 2026 5:45 PM ET,Earnings,skipped,,,
1781905502550,Jun 19 2026 5:45 PM ET,news: CNBC top news,ok,,,
1781905502550,Jun 19 2026 5:45 PM ET,news: MarketWatch top,ok,,,
1781905502550,Jun 19 2026 5:45 PM ET,news: Google News — stock market,ok,,,
1781906208567,Jun 19 2026 5:56 PM ET,prices (Yahoo),ok,0,0,19 cross-checked vs CNBC
1781906208567,Jun 19 2026 5:56 PM ET,VIX (Yahoo),ok,,0,vs CNBC .VIX
1781906208567,Jun 19 2026 5:56 PM ET,CNN Fear & Greed,ok,1257,,display-only (T3)
1781906208567,Jun 19 2026 5:56 PM ET,Crypto Fear & Greed,ok,1317,,
1781906208567,Jun 19 2026 5:56 PM ET,SEC filings,ok,,,
1781906208567,Jun 19 2026 5:56 PM ET,Company posts (X),ok (some handles unverified),,,
1781906208567,Jun 19 2026 5:56 PM ET,Reddit,skipped,,,context-only (T3)
1781906208567,Jun 19 2026 5:56 PM ET,StockTwits,skipped,,,context-only (T3)
1781906208567,Jun 19 2026 5:56 PM ET,Econ calendar,skipped,,,
1781906208567,Jun 19 2026 5:56 PM ET,Earnings,skipped,,,
1781906208567,Jun 19 2026 5:56 PM ET,news: CNBC top news,ok,,,
1781906208567,Jun 19 2026 5:56 PM ET,news: MarketWatch top,ok,,,
1781906208567,Jun 19 2026 5:56 PM ET,news: Google News — stock market,ok,,,
1782133202464,Jun 22 2026 9:00 AM ET,prices (Yahoo),ok,0,0,19 cross-checked vs CNBC
1782133202464,Jun 22 2026 9:00 AM ET,VIX (Yahoo),ok,,0.06,vs CNBC .VIX
1782133202464,Jun 22 2026 9:00 AM ET,CNN Fear & Greed,ok,21,,display-only (T3)
1782133202464,Jun 22 2026 9:00 AM ET,Crypto Fear & Greed,ok,780,,
1782133202464,Jun 22 2026 9:00 AM ET,SEC filings,ok,,,
1782133202464,Jun 22 2026 9:00 AM ET,Company posts (X),ok (some handles unverified),,,
1782133202464,Jun 22 2026 9:00 AM ET,Reddit,skipped,,,context-only (T3)
1782133202464,Jun 22 2026 9:00 AM ET,StockTwits,skipped,,,context-only (T3)
1782133202464,Jun 22 2026 9:00 AM ET,Econ calendar,skipped,,,
1782133202464,Jun 22 2026 9:00 AM ET,Earnings,skipped,,,
1782133202464,Jun 22 2026 9:00 AM ET,news: CNBC top news,ok,,,
1782133202464,Jun 22 2026 9:00 AM ET,news: MarketWatch top,ok,,,
1782133202464,Jun 22 2026 9:00 AM ET,news: Google News — stock market,ok,,,
1782134620192,Jun 22 2026 9:23 AM ET,prices (Yahoo),ok,0,0,19 cross-checked vs CNBC
1782134620192,Jun 22 2026 9:23 AM ET,VIX (Yahoo),ok,,0.89,vs CNBC .VIX
1782134620192,Jun 22 2026 9:23 AM ET,CNN Fear & Greed,ok,19,,display-only (T3)
1782134620192,Jun 22 2026 9:23 AM ET,Crypto Fear & Greed,ok,804,,
1782134620192,Jun 22 2026 9:23 AM ET,SEC filings,ok,,,
1782134620192,Jun 22 2026 9:23 AM ET,Company posts (X),ok (some handles unverified),,,
1782134620192,Jun 22 2026 9:23 AM ET,Reddit,skipped,,,context-only (T3)
1782134620192,Jun 22 2026 9:23 AM ET,StockTwits,skipped,,,context-only (T3)
1782134620192,Jun 22 2026 9:23 AM ET,Econ calendar,skipped,,,
1782134620192,Jun 22 2026 9:23 AM ET,Earnings,skipped,,,
1782134620192,Jun 22 2026 9:23 AM ET,news: CNBC top news,ok,,,
1782134620192,Jun 22 2026 9:23 AM ET,news: MarketWatch top,ok,,,
1782134620192,Jun 22 2026 9:23 AM ET,news: Google News — stock market,ok,,,
1782135901953,Jun 22 2026 9:45 AM ET,prices (Yahoo),ok,0,0.11,19 cross-checked vs CNBC
1782135901953,Jun 22 2026 9:45 AM ET,VIX (Yahoo),ok,,0.12,vs CNBC .VIX
1782135901953,Jun 22 2026 9:45 AM ET,CNN Fear & Greed,ok,6,,display-only (T3)
1782135901953,Jun 22 2026 9:45 AM ET,Crypto Fear & Greed,ok,825,,
1782135901953,Jun 22 2026 9:45 AM ET,SEC filings,ok,,,
1782135901953,Jun 22 2026 9:45 AM ET,Company posts (X),ok (some handles unverified),,,
1782135901953,Jun 22 2026 9:45 AM ET,Reddit,skipped,,,context-only (T3)
1782135901953,Jun 22 2026 9:45 AM ET,StockTwits,skipped,,,context-only (T3)
1782135901953,Jun 22 2026 9:45 AM ET,Econ calendar,skipped,,,
1782135901953,Jun 22 2026 9:45 AM ET,Earnings,skipped,,,
1782135901953,Jun 22 2026 9:45 AM ET,news: CNBC top news,ok,,,
1782135901953,Jun 22 2026 9:45 AM ET,news: MarketWatch top,ok,,,
1782135901953,Jun 22 2026 9:45 AM ET,news: Google News — stock market,ok,,,
1782137320049,Jun 22 2026 10:08 AM ET,prices (Yahoo),ok,0,0.12,19 cross-checked vs CNBC
1782137320049,Jun 22 2026 10:08 AM ET,VIX (Yahoo),ok,,0.12,vs CNBC .VIX
1782137320049,Jun 22 2026 10:08 AM ET,CNN Fear & Greed,ok,4,,display-only (T3)
1782137320049,Jun 22 2026 10:08 AM ET,Crypto Fear & Greed,ok,849,,
1782137320049,Jun 22 2026 10:08 AM ET,SEC filings,ok,,,
1782137320049,Jun 22 2026 10:08 AM ET,Company posts (X),degraded,,,
1782137320049,Jun 22 2026 10:08 AM ET,Reddit,skipped,,,context-only (T3)
1782137320049,Jun 22 2026 10:08 AM ET,StockTwits,skipped,,,context-only (T3)
1782137320049,Jun 22 2026 10:08 AM ET,Econ calendar,skipped,,,
1782137320049,Jun 22 2026 10:08 AM ET,Earnings,skipped,,,
1782137320049,Jun 22 2026 10:08 AM ET,news: CNBC top news,ok,,,
1782137320049,Jun 22 2026 10:08 AM ET,news: MarketWatch top,ok,,,
1782137320049,Jun 22 2026 10:08 AM ET,news: Google News — stock market,ok,,,
1782138601837,Jun 22 2026 10:30 AM ET,prices (Yahoo),ok,0,0.21,19 cross-checked vs CNBC
1782138601837,Jun 22 2026 10:30 AM ET,VIX (Yahoo),ok,,3.09,vs CNBC .VIX
1782138601837,Jun 22 2026 10:30 AM ET,CNN Fear & Greed,ok,6,,display-only (T3)
1782138601837,Jun 22 2026 10:30 AM ET,Crypto Fear & Greed,ok,870,,
1782138601837,Jun 22 2026 10:30 AM ET,SEC filings,ok,,,
1782138601837,Jun 22 2026 10:30 AM ET,Company posts (X),ok (some handles unverified),,,
1782138601837,Jun 22 2026 10:30 AM ET,Reddit,skipped,,,context-only (T3)
1782138601837,Jun 22 2026 10:30 AM ET,StockTwits,skipped,,,context-only (T3)
1782138601837,Jun 22 2026 10:30 AM ET,Econ calendar,skipped,,,
1782138601837,Jun 22 2026 10:30 AM ET,Earnings,skipped,,,
1782138601837,Jun 22 2026 10:30 AM ET,news: CNBC top news,ok,,,
1782138601837,Jun 22 2026 10:30 AM ET,news: MarketWatch top,ok,,,
1782138601837,Jun 22 2026 10:30 AM ET,news: Google News — stock market,ok,,,
1782140020046,Jun 22 2026 10:53 AM ET,prices (Yahoo),ok,0,0.09,19 cross-checked vs CNBC
1782140020046,Jun 22 2026 10:53 AM ET,VIX (Yahoo),ok,,1.08,vs CNBC .VIX
1782140020046,Jun 22 2026 10:53 AM ET,CNN Fear & Greed,ok,5,,display-only (T3)
1782140020046,Jun 22 2026 10:53 AM ET,Crypto Fear & Greed,ok,894,,
1782140020046,Jun 22 2026 10:53 AM ET,SEC filings,ok,,,
1782140020046,Jun 22 2026 10:53 AM ET,Company posts (X),ok (some handles unverified),,,
1782140020046,Jun 22 2026 10:53 AM ET,Reddit,skipped,,,context-only (T3)
1782140020046,Jun 22 2026 10:53 AM ET,StockTwits,skipped,,,context-only (T3)
1782140020046,Jun 22 2026 10:53 AM ET,Econ calendar,skipped,,,
1782140020046,Jun 22 2026 10:53 AM ET,Earnings,skipped,,,
1782140020046,Jun 22 2026 10:53 AM ET,news: CNBC top news,ok,,,
1782140020046,Jun 22 2026 10:53 AM ET,news: MarketWatch top,ok,,,
1782140020046,Jun 22 2026 10:53 AM ET,news: Google News — stock market,ok,,,
1782141302023,Jun 22 2026 11:15 AM ET,prices (Yahoo),ok,0,0.37,19 cross-checked vs CNBC
1782141302023,Jun 22 2026 11:15 AM ET,VIX (Yahoo),ok,,0.17,vs CNBC .VIX
1782141302023,Jun 22 2026 11:15 AM ET,CNN Fear & Greed,ok,7,,display-only (T3)
1782141302023,Jun 22 2026 11:15 AM ET,Crypto Fear & Greed,ok,915,,
1782141302023,Jun 22 2026 11:15 AM ET,SEC filings,ok,,,
1782141302023,Jun 22 2026 11:15 AM ET,Company posts (X),ok (some handles unverified),,,
1782141302023,Jun 22 2026 11:15 AM ET,Reddit,skipped,,,context-only (T3)
1782141302023,Jun 22 2026 11:15 AM ET,StockTwits,skipped,,,context-only (T3)
1782141302023,Jun 22 2026 11:15 AM ET,Econ calendar,skipped,,,
1782141302023,Jun 22 2026 11:15 AM ET,Earnings,skipped,,,
1782141302023,Jun 22 2026 11:15 AM ET,news: CNBC top news,ok,,,
1782141302023,Jun 22 2026 11:15 AM ET,news: MarketWatch top,ok,,,
1782141302023,Jun 22 2026 11:15 AM ET,news: Google News — stock market,ok,,,
1782142720049,Jun 22 2026 11:38 AM ET,prices (Yahoo),ok,0,0.1,19 cross-checked vs CNBC
1782142720049,Jun 22 2026 11:38 AM ET,VIX (Yahoo),ok,,0.75,vs CNBC .VIX
1782142720049,Jun 22 2026 11:38 AM ET,CNN Fear & Greed,ok,5,,display-only (T3)
1782142720049,Jun 22 2026 11:38 AM ET,Crypto Fear & Greed,ok,939,,
1782142720049,Jun 22 2026 11:38 AM ET,SEC filings,ok,,,
1782142720049,Jun 22 2026 11:38 AM ET,Company posts (X),ok (some handles unverified),,,
1782142720049,Jun 22 2026 11:38 AM ET,Reddit,skipped,,,context-only (T3)
1782142720049,Jun 22 2026 11:38 AM ET,StockTwits,skipped,,,context-only (T3)
1782142720049,Jun 22 2026 11:38 AM ET,Econ calendar,skipped,,,
1782142720049,Jun 22 2026 11:38 AM ET,Earnings,skipped,,,
1782142720049,Jun 22 2026 11:38 AM ET,news: CNBC top news,ok,,,
1782142720049,Jun 22 2026 11:38 AM ET,news: MarketWatch top,ok,,,
1782142720049,Jun 22 2026 11:38 AM ET,news: Google News — stock market,ok,,,
1782143931458,Jun 22 2026 11:58 AM ET,prices (Yahoo),ok,0,0.14,19 cross-checked vs CNBC
1782143931458,Jun 22 2026 11:58 AM ET,VIX (Yahoo),ok,,1.6,vs CNBC .VIX
1782143931458,Jun 22 2026 11:58 AM ET,CNN Fear & Greed,ok,5,,display-only (T3)
1782143931458,Jun 22 2026 11:58 AM ET,Crypto Fear & Greed,ok,959,,
1782143931458,Jun 22 2026 11:58 AM ET,SEC filings,ok,,,
1782143931458,Jun 22 2026 11:58 AM ET,Company posts (X),ok (some handles unverified),,,
1782143931458,Jun 22 2026 11:58 AM ET,Reddit,skipped,,,context-only (T3)
1782143931458,Jun 22 2026 11:58 AM ET,StockTwits,skipped,,,context-only (T3)
1782143931458,Jun 22 2026 11:58 AM ET,Econ calendar,skipped,,,
1782143931458,Jun 22 2026 11:58 AM ET,Earnings,skipped,,,
1782143931458,Jun 22 2026 11:58 AM ET,news: CNBC top news,ok,,,
1782143931458,Jun 22 2026 11:58 AM ET,news: MarketWatch top,ok,,,
1782143931458,Jun 22 2026 11:58 AM ET,news: Google News — stock market,ok,,,
1782145420101,Jun 22 2026 12:23 PM ET,prices (Yahoo),ok,0,0.06,19 cross-checked vs CNBC
1782145420101,Jun 22 2026 12:23 PM ET,VIX (Yahoo),ok,,1.09,vs CNBC .VIX
1782145420101,Jun 22 2026 12:23 PM ET,CNN Fear & Greed,ok,6,,display-only (T3)
1782145420101,Jun 22 2026 12:23 PM ET,Crypto Fear & Greed,ok,984,,
1782145420101,Jun 22 2026 12:23 PM ET,SEC filings,ok,,,
1782145420101,Jun 22 2026 12:23 PM ET,Company posts (X),ok (some handles unverified),,,
1782145420101,Jun 22 2026 12:23 PM ET,Reddit,skipped,,,context-only (T3)
1782145420101,Jun 22 2026 12:23 PM ET,StockTwits,skipped,,,context-only (T3)
1782145420101,Jun 22 2026 12:23 PM ET,Econ calendar,skipped,,,
1782145420101,Jun 22 2026 12:23 PM ET,Earnings,skipped,,,
1782145420101,Jun 22 2026 12:23 PM ET,news: CNBC top news,ok,,,
1782145420101,Jun 22 2026 12:23 PM ET,news: MarketWatch top,ok,,,
1782145420101,Jun 22 2026 12:23 PM ET,news: Google News — stock market,ok,,,
1782146701818,Jun 22 2026 12:45 PM ET,prices (Yahoo),ok,0,0.03,19 cross-checked vs CNBC
1782146701818,Jun 22 2026 12:45 PM ET,VIX (Yahoo),ok,,0.17,vs CNBC .VIX
1782146701818,Jun 22 2026 12:45 PM ET,CNN Fear & Greed,ok,8,,display-only (T3)
1782146701818,Jun 22 2026 12:45 PM ET,Crypto Fear & Greed,ok,1005,,
1782146701818,Jun 22 2026 12:45 PM ET,SEC filings,ok,,,
1782146701818,Jun 22 2026 12:45 PM ET,Company posts (X),ok (some handles unverified),,,
1782146701818,Jun 22 2026 12:45 PM ET,Reddit,skipped,,,context-only (T3)
1782146701818,Jun 22 2026 12:45 PM ET,StockTwits,skipped,,,context-only (T3)
1782146701818,Jun 22 2026 12:45 PM ET,Econ calendar,skipped,,,
1782146701818,Jun 22 2026 12:45 PM ET,Earnings,skipped,,,
1782146701818,Jun 22 2026 12:45 PM ET,news: CNBC top news,ok,,,
1782146701818,Jun 22 2026 12:45 PM ET,news: MarketWatch top,ok,,,
1782146701818,Jun 22 2026 12:45 PM ET,news: Google News — stock market,ok,,,
1782148120212,Jun 22 2026 1:08 PM ET,prices (Yahoo),ok,0,0.07,19 cross-checked vs CNBC
1782148120212,Jun 22 2026 1:08 PM ET,VIX (Yahoo),ok,,0.92,vs CNBC .VIX
1782148120212,Jun 22 2026 1:08 PM ET,CNN Fear & Greed,ok,4,,display-only (T3)
1782148120212,Jun 22 2026 1:08 PM ET,Crypto Fear & Greed,ok,1029,,
1782148120212,Jun 22 2026 1:08 PM ET,SEC filings,ok,,,
1782148120212,Jun 22 2026 1:08 PM ET,Company posts (X),ok (some handles unverified),,,
1782148120212,Jun 22 2026 1:08 PM ET,Reddit,skipped,,,context-only (T3)
1782148120212,Jun 22 2026 1:08 PM ET,StockTwits,skipped,,,context-only (T3)
1782148120212,Jun 22 2026 1:08 PM ET,Econ calendar,skipped,,,
1782148120212,Jun 22 2026 1:08 PM ET,Earnings,skipped,,,
1782148120212,Jun 22 2026 1:08 PM ET,news: CNBC top news,ok,,,
1782148120212,Jun 22 2026 1:08 PM ET,news: MarketWatch top,ok,,,
1782148120212,Jun 22 2026 1:08 PM ET,news: Google News — stock market,ok,,,
1782149402072,Jun 22 2026 1:30 PM ET,prices (Yahoo),ok,0,0.07,19 cross-checked vs CNBC
1782149402072,Jun 22 2026 1:30 PM ET,VIX (Yahoo),ok,,0.52,vs CNBC .VIX
1782149402072,Jun 22 2026 1:30 PM ET,CNN Fear & Greed,ok,6,,display-only (T3)
1782149402072,Jun 22 2026 1:30 PM ET,Crypto Fear & Greed,ok,1050,,
1782149402072,Jun 22 2026 1:30 PM ET,SEC filings,ok,,,
1782149402072,Jun 22 2026 1:30 PM ET,Company posts (X),ok (some handles unverified),,,
1782149402072,Jun 22 2026 1:30 PM ET,Reddit,skipped,,,context-only (T3)
1782149402072,Jun 22 2026 1:30 PM ET,StockTwits,skipped,,,context-only (T3)
1782149402072,Jun 22 2026 1:30 PM ET,Econ calendar,skipped,,,
1782149402072,Jun 22 2026 1:30 PM ET,Earnings,skipped,,,
1782149402072,Jun 22 2026 1:30 PM ET,news: CNBC top news,ok,,,
1782149402072,Jun 22 2026 1:30 PM ET,news: MarketWatch top,ok,,,
1782149402072,Jun 22 2026 1:30 PM ET,news: Google News — stock market,ok,,,
1782150820271,Jun 22 2026 1:53 PM ET,prices (Yahoo),ok,0,0.08,19 cross-checked vs CNBC
1782150820271,Jun 22 2026 1:53 PM ET,VIX (Yahoo),ok,,0.87,vs CNBC .VIX
1782150820271,Jun 22 2026 1:53 PM ET,CNN Fear & Greed,ok,5,,display-only (T3)
1782150820271,Jun 22 2026 1:53 PM ET,Crypto Fear & Greed,ok,1074,,
1782150820271,Jun 22 2026 1:53 PM ET,SEC filings,ok,,,
1782150820271,Jun 22 2026 1:53 PM ET,Company posts (X),ok (some handles unverified),,,
1782150820271,Jun 22 2026 1:53 PM ET,Reddit,skipped,,,context-only (T3)
1782150820271,Jun 22 2026 1:53 PM ET,StockTwits,skipped,,,context-only (T3)
1782150820271,Jun 22 2026 1:53 PM ET,Econ calendar,skipped,,,
1782150820271,Jun 22 2026 1:53 PM ET,Earnings,skipped,,,
1782150820271,Jun 22 2026 1:53 PM ET,news: CNBC top news,ok,,,
1782150820271,Jun 22 2026 1:53 PM ET,news: MarketWatch top,ok,,,
1782150820271,Jun 22 2026 1:53 PM ET,news: Google News — stock market,ok,,,
1782152101902,Jun 22 2026 2:15 PM ET,prices (Yahoo),ok,0,0.07,19 cross-checked vs CNBC
1782152101902,Jun 22 2026 2:15 PM ET,VIX (Yahoo),ok,,0.29,vs CNBC .VIX
1782152101902,Jun 22 2026 2:15 PM ET,CNN Fear & Greed,ok,9,,display-only (T3)
1782152101902,Jun 22 2026 2:15 PM ET,Crypto Fear & Greed,ok,1095,,
1782152101902,Jun 22 2026 2:15 PM ET,SEC filings,ok,,,
1782152101902,Jun 22 2026 2:15 PM ET,Company posts (X),ok (some handles unverified),,,
1782152101902,Jun 22 2026 2:15 PM ET,Reddit,skipped,,,context-only (T3)
1782152101902,Jun 22 2026 2:15 PM ET,StockTwits,skipped,,,context-only (T3)
1782152101902,Jun 22 2026 2:15 PM ET,Econ calendar,skipped,,,
1782152101902,Jun 22 2026 2:15 PM ET,Earnings,skipped,,,
1782152101902,Jun 22 2026 2:15 PM ET,news: CNBC top news,ok,,,
1782152101902,Jun 22 2026 2:15 PM ET,news: MarketWatch top,ok,,,
1782152101902,Jun 22 2026 2:15 PM ET,news: Google News — stock market,ok,,,
1782153520117,Jun 22 2026 2:38 PM ET,prices (Yahoo),ok,0,0.14,19 cross-checked vs CNBC
1782153520117,Jun 22 2026 2:38 PM ET,VIX (Yahoo),ok,,0.17,vs CNBC .VIX
1782153520117,Jun 22 2026 2:38 PM ET,CNN Fear & Greed,ok,6,,display-only (T3)
1782153520117,Jun 22 2026 2:38 PM ET,Crypto Fear & Greed,ok,1119,,
1782153520117,Jun 22 2026 2:38 PM ET,SEC filings,ok,,,
1782153520117,Jun 22 2026 2:38 PM ET,Company posts (X),ok (some handles unverified),,,
1782153520117,Jun 22 2026 2:38 PM ET,Reddit,skipped,,,context-only (T3)
1782153520117,Jun 22 2026 2:38 PM ET,StockTwits,skipped,,,context-only (T3)
1782153520117,Jun 22 2026 2:38 PM ET,Econ calendar,skipped,,,
1782153520117,Jun 22 2026 2:38 PM ET,Earnings,skipped,,,
1782153520117,Jun 22 2026 2:38 PM ET,news: CNBC top news,ok,,,
1782153520117,Jun 22 2026 2:38 PM ET,news: MarketWatch top,ok,,,
1782153520117,Jun 22 2026 2:38 PM ET,news: Google News — stock market,ok,,,
1782154801913,Jun 22 2026 3:00 PM ET,prices (Yahoo),ok,0,0.2,19 cross-checked vs CNBC
1782154801913,Jun 22 2026 3:00 PM ET,VIX (Yahoo),ok,,1.2,vs CNBC .VIX
1782154801913,Jun 22 2026 3:00 PM ET,CNN Fear & Greed,ok,9,,display-only (T3)
1782154801913,Jun 22 2026 3:00 PM ET,Crypto Fear & Greed,ok,1140,,
1782154801913,Jun 22 2026 3:00 PM ET,SEC filings,ok,,,
1782154801913,Jun 22 2026 3:00 PM ET,Company posts (X),ok (some handles unverified),,,
1782154801913,Jun 22 2026 3:00 PM ET,Reddit,skipped,,,context-only (T3)
1782154801913,Jun 22 2026 3:00 PM ET,StockTwits,skipped,,,context-only (T3)
1782154801913,Jun 22 2026 3:00 PM ET,Econ calendar,skipped,,,
1782154801913,Jun 22 2026 3:00 PM ET,Earnings,skipped,,,
1782154801913,Jun 22 2026 3:00 PM ET,news: CNBC top news,ok,,,
1782154801913,Jun 22 2026 3:00 PM ET,news: MarketWatch top,ok,,,
1782154801913,Jun 22 2026 3:00 PM ET,news: Google News — stock market,ok,,,
1782156220451,Jun 22 2026 3:23 PM ET,prices (Yahoo),ok,0,0.07,19 cross-checked vs CNBC
1782156220451,Jun 22 2026 3:23 PM ET,VIX (Yahoo),ok,,0.23,vs CNBC .VIX
1782156220451,Jun 22 2026 3:23 PM ET,CNN Fear & Greed,ok,4,,display-only (T3)
1782156220451,Jun 22 2026 3:23 PM ET,Crypto Fear & Greed,ok,1164,,
1782156220451,Jun 22 2026 3:23 PM ET,SEC filings,ok,,,
1782156220451,Jun 22 2026 3:23 PM ET,Company posts (X),ok (some handles unverified),,,
1782156220451,Jun 22 2026 3:23 PM ET,Reddit,skipped,,,context-only (T3)
1782156220451,Jun 22 2026 3:23 PM ET,StockTwits,skipped,,,context-only (T3)
1782156220451,Jun 22 2026 3:23 PM ET,Econ calendar,skipped,,,
1782156220451,Jun 22 2026 3:23 PM ET,Earnings,skipped,,,
1782156220451,Jun 22 2026 3:23 PM ET,news: CNBC top news,ok,,,
1782156220451,Jun 22 2026 3:23 PM ET,news: MarketWatch top,ok,,,
1782156220451,Jun 22 2026 3:23 PM ET,news: Google News — stock market,ok,,,
1782157087101,Jun 22 2026 3:38 PM ET,prices (Yahoo),ok,0,0.08,19 cross-checked vs CNBC
1782157087101,Jun 22 2026 3:38 PM ET,VIX (Yahoo),ok,,0.06,vs CNBC .VIX
1782157087101,Jun 22 2026 3:38 PM ET,CNN Fear & Greed,ok,5,,display-only (T3)
1782157087101,Jun 22 2026 3:38 PM ET,Crypto Fear & Greed,ok,1178,,
1782157087101,Jun 22 2026 3:38 PM ET,SEC filings,ok,,,
1782157087101,Jun 22 2026 3:38 PM ET,Company posts (X),ok (some handles unverified),,,
1782157087101,Jun 22 2026 3:38 PM ET,Reddit,skipped,,,context-only (T3)
1782157087101,Jun 22 2026 3:38 PM ET,StockTwits,skipped,,,context-only (T3)
1782157087101,Jun 22 2026 3:38 PM ET,Econ calendar,skipped,,,
1782157087101,Jun 22 2026 3:38 PM ET,Earnings,skipped,,,
1782157087101,Jun 22 2026 3:38 PM ET,news: CNBC top news,ok,,,
1782157087101,Jun 22 2026 3:38 PM ET,news: MarketWatch top,ok,,,
1782157087101,Jun 22 2026 3:38 PM ET,news: Google News — stock market,ok,,,
1782158402136,Jun 22 2026 4:00 PM ET,prices (Yahoo),ok,0,0.3,19 cross-checked vs CNBC
1782158402136,Jun 22 2026 4:00 PM ET,VIX (Yahoo),ok,,1.09,vs CNBC .VIX
1782158402136,Jun 22 2026 4:00 PM ET,CNN Fear & Greed,ok,6,,display-only (T3)
1782158402136,Jun 22 2026 4:00 PM ET,Crypto Fear & Greed,ok,1200,,
1782158402136,Jun 22 2026 4:00 PM ET,SEC filings,ok,,,
1782158402136,Jun 22 2026 4:00 PM ET,Company posts (X),ok (some handles unverified),,,
1782158402136,Jun 22 2026 4:00 PM ET,Reddit,skipped,,,context-only (T3)
1782158402136,Jun 22 2026 4:00 PM ET,StockTwits,skipped,,,context-only (T3)
1782158402136,Jun 22 2026 4:00 PM ET,Econ calendar,skipped,,,
1782158402136,Jun 22 2026 4:00 PM ET,Earnings,skipped,,,
1782158402136,Jun 22 2026 4:00 PM ET,news: CNBC top news,ok,,,
1782158402136,Jun 22 2026 4:00 PM ET,news: MarketWatch top,ok,,,
1782158402136,Jun 22 2026 4:00 PM ET,news: Google News — stock market,ok,,,
1782159820147,Jun 22 2026 4:23 PM ET,prices (Yahoo),ok,0,0,19 cross-checked vs CNBC
1782159820147,Jun 22 2026 4:23 PM ET,VIX (Yahoo),ok,,0.17,vs CNBC .VIX
1782159820147,Jun 22 2026 4:23 PM ET,CNN Fear & Greed,ok,13,,display-only (T3)
1782159820147,Jun 22 2026 4:23 PM ET,Crypto Fear & Greed,ok,1224,,
1782159820147,Jun 22 2026 4:23 PM ET,SEC filings,ok,,,
1782159820147,Jun 22 2026 4:23 PM ET,Company posts (X),ok (some handles unverified),,,
1782159820147,Jun 22 2026 4:23 PM ET,Reddit,skipped,,,context-only (T3)
1782159820147,Jun 22 2026 4:23 PM ET,StockTwits,skipped,,,context-only (T3)
1782159820147,Jun 22 2026 4:23 PM ET,Econ calendar,skipped,,,
1782159820147,Jun 22 2026 4:23 PM ET,Earnings,skipped,,,
1782159820147,Jun 22 2026 4:23 PM ET,news: CNBC top news,ok,,,
1782159820147,Jun 22 2026 4:23 PM ET,news: MarketWatch top,ok,,,
1782159820147,Jun 22 2026 4:23 PM ET,news: Google News — stock market,ok,,,
1782161101883,Jun 22 2026 4:45 PM ET,prices (Yahoo),ok,0,0,19 cross-checked vs CNBC
1782161101883,Jun 22 2026 4:45 PM ET,VIX (Yahoo),ok,,0,vs CNBC .VIX
1782161101883,Jun 22 2026 4:45 PM ET,CNN Fear & Greed,ok,20,,display-only (T3)
1782161101883,Jun 22 2026 4:45 PM ET,Crypto Fear & Greed,ok,1245,,
1782161101883,Jun 22 2026 4:45 PM ET,SEC filings,ok,,,
1782161101883,Jun 22 2026 4:45 PM ET,Company posts (X),ok (some handles unverified),,,
1782161101883,Jun 22 2026 4:45 PM ET,Reddit,skipped,,,context-only (T3)
1782161101883,Jun 22 2026 4:45 PM ET,StockTwits,skipped,,,context-only (T3)
1782161101883,Jun 22 2026 4:45 PM ET,Econ calendar,skipped,,,
1782161101883,Jun 22 2026 4:45 PM ET,Earnings,skipped,,,
1782161101883,Jun 22 2026 4:45 PM ET,news: CNBC top news,ok,,,
1782161101883,Jun 22 2026 4:45 PM ET,news: MarketWatch top,ok,,,
1782161101883,Jun 22 2026 4:45 PM ET,news: Google News — stock market,ok,,,
1782162520294,Jun 22 2026 5:08 PM ET,prices (Yahoo),ok,0,0,19 cross-checked vs CNBC
1782162520294,Jun 22 2026 5:08 PM ET,VIX (Yahoo),ok,,0,vs CNBC .VIX
1782162520294,Jun 22 2026 5:08 PM ET,CNN Fear & Greed,ok,19,,display-only (T3)
1782162520294,Jun 22 2026 5:08 PM ET,Crypto Fear & Greed,ok,1269,,
1782162520294,Jun 22 2026 5:08 PM ET,SEC filings,ok,,,
1782162520294,Jun 22 2026 5:08 PM ET,Company posts (X),ok (some handles unverified),,,
1782162520294,Jun 22 2026 5:08 PM ET,Reddit,skipped,,,context-only (T3)
1782162520294,Jun 22 2026 5:08 PM ET,StockTwits,skipped,,,context-only (T3)
1782162520294,Jun 22 2026 5:08 PM ET,Econ calendar,skipped,,,
1782162520294,Jun 22 2026 5:08 PM ET,Earnings,skipped,,,
1782162520294,Jun 22 2026 5:08 PM ET,news: CNBC top news,ok,,,
1782162520294,Jun 22 2026 5:08 PM ET,news: MarketWatch top,ok,,,
1782162520294,Jun 22 2026 5:08 PM ET,news: Google News — stock market,ok,,,
1782163801975,Jun 22 2026 5:30 PM ET,prices (Yahoo),ok,0,0,19 cross-checked vs CNBC
1782163801975,Jun 22 2026 5:30 PM ET,VIX (Yahoo),ok,,0,vs CNBC .VIX
1782163801975,Jun 22 2026 5:30 PM ET,CNN Fear & Greed,ok,20,,display-only (T3)
1782163801975,Jun 22 2026 5:30 PM ET,Crypto Fear & Greed,ok,1290,,
1782163801975,Jun 22 2026 5:30 PM ET,SEC filings,ok,,,
1782163801975,Jun 22 2026 5:30 PM ET,Company posts (X),ok (some handles unverified),,,
1782163801975,Jun 22 2026 5:30 PM ET,Reddit,skipped,,,context-only (T3)
1782163801975,Jun 22 2026 5:30 PM ET,StockTwits,skipped,,,context-only (T3)
1782163801975,Jun 22 2026 5:30 PM ET,Econ calendar,skipped,,,
1782163801975,Jun 22 2026 5:30 PM ET,Earnings,skipped,,,
1782163801975,Jun 22 2026 5:30 PM ET,news: CNBC top news,ok,,,
1782163801975,Jun 22 2026 5:30 PM ET,news: MarketWatch top,ok,,,
1782163801975,Jun 22 2026 5:30 PM ET,news: Google News — stock market,ok,,,
1782164924448,Jun 22 2026 5:48 PM ET,prices (Yahoo),ok,0,0,19 cross-checked vs CNBC
1782164924448,Jun 22 2026 5:48 PM ET,VIX (Yahoo),ok,,0,vs CNBC .VIX
1782164924448,Jun 22 2026 5:48 PM ET,CNN Fear & Greed,ok,18,,display-only (T3)
1782164924448,Jun 22 2026 5:48 PM ET,Crypto Fear & Greed,ok,1309,,
1782164924448,Jun 22 2026 5:48 PM ET,SEC filings,ok,,,
1782164924448,Jun 22 2026 5:48 PM ET,Company posts (X),ok (some handles unverified),,,
1782164924448,Jun 22 2026 5:48 PM ET,Reddit,skipped,,,context-only (T3)
1782164924448,Jun 22 2026 5:48 PM ET,StockTwits,skipped,,,context-only (T3)
1782164924448,Jun 22 2026 5:48 PM ET,Econ calendar,skipped,,,
1782164924448,Jun 22 2026 5:48 PM ET,Earnings,skipped,,,
1782164924448,Jun 22 2026 5:48 PM ET,news: CNBC top news,ok,,,
1782164924448,Jun 22 2026 5:48 PM ET,news: MarketWatch top,ok,,,
1782164924448,Jun 22 2026 5:48 PM ET,news: Google News — stock market,ok,,,
1782219602656,Jun 23 2026 9:00 AM ET,prices (Yahoo),ok,0,0,19 cross-checked vs CNBC
1782219602656,Jun 23 2026 9:00 AM ET,VIX (Yahoo),ok,,0.15,vs CNBC .VIX
1782219602656,Jun 23 2026 9:00 AM ET,CNN Fear & Greed,ok,19,,display-only (T3)
1782219602656,Jun 23 2026 9:00 AM ET,Crypto Fear & Greed,ok,780,,
1782219602656,Jun 23 2026 9:00 AM ET,SEC filings,ok,,,
1782219602656,Jun 23 2026 9:00 AM ET,Company posts (X),ok (some handles unverified),,,
1782219602656,Jun 23 2026 9:00 AM ET,Reddit,skipped,,,context-only (T3)
1782219602656,Jun 23 2026 9:00 AM ET,StockTwits,skipped,,,context-only (T3)
1782219602656,Jun 23 2026 9:00 AM ET,Econ calendar,skipped,,,
1782219602656,Jun 23 2026 9:00 AM ET,Earnings,skipped,,,
1782219602656,Jun 23 2026 9:00 AM ET,news: CNBC top news,ok,,,
1782219602656,Jun 23 2026 9:00 AM ET,news: MarketWatch top,ok,,,
1782219602656,Jun 23 2026 9:00 AM ET,news: Google News — stock market,ok,,,
1782221401791,Jun 23 2026 9:30 AM ET,prices (Yahoo),ok,0,7.52,19 cross-checked vs CNBC
1782221401791,Jun 23 2026 9:30 AM ET,VIX (Yahoo),ok,,0.49,vs CNBC .VIX
1782221401791,Jun 23 2026 9:30 AM ET,CNN Fear & Greed,ok,19,,display-only (T3)
1782221401791,Jun 23 2026 9:30 AM ET,Crypto Fear & Greed,ok,810,,
1782221401791,Jun 23 2026 9:30 AM ET,SEC filings,ok,,,
1782221401791,Jun 23 2026 9:30 AM ET,Company posts (X),ok (some handles unverified),,,
1782221401791,Jun 23 2026 9:30 AM ET,Reddit,skipped,,,context-only (T3)
1782221401791,Jun 23 2026 9:30 AM ET,StockTwits,skipped,,,context-only (T3)
1782221401791,Jun 23 2026 9:30 AM ET,Econ calendar,skipped,,,
1782221401791,Jun 23 2026 9:30 AM ET,Earnings,skipped,,,
1782221401791,Jun 23 2026 9:30 AM ET,news: CNBC top news,ok,,,
1782221401791,Jun 23 2026 9:30 AM ET,news: MarketWatch top,ok,,,
1782221401791,Jun 23 2026 9:30 AM ET,news: Google News — stock market,ok,,,
1782222303790,Jun 23 2026 9:45 AM ET,prices (Yahoo),ok,0,0.38,19 cross-checked vs CNBC
1782222303790,Jun 23 2026 9:45 AM ET,VIX (Yahoo),ok,,3.27,vs CNBC .VIX
1782222303790,Jun 23 2026 9:45 AM ET,CNN Fear & Greed,ok,4,,display-only (T3)
1782222303790,Jun 23 2026 9:45 AM ET,Crypto Fear & Greed,ok,825,,
1782222303790,Jun 23 2026 9:45 AM ET,SEC filings,ok,,,
1782222303790,Jun 23 2026 9:45 AM ET,Company posts (X),ok (some handles unverified),,,
1782222303790,Jun 23 2026 9:45 AM ET,Reddit,skipped,,,context-only (T3)
1782222303790,Jun 23 2026 9:45 AM ET,StockTwits,skipped,,,context-only (T3)
1782222303790,Jun 23 2026 9:45 AM ET,Econ calendar,skipped,,,
1782222303790,Jun 23 2026 9:45 AM ET,Earnings,skipped,,,
1782222303790,Jun 23 2026 9:45 AM ET,news: CNBC top news,ok,,,
1782222303790,Jun 23 2026 9:45 AM ET,news: MarketWatch top,ok,,,
1782222303790,Jun 23 2026 9:45 AM ET,news: Google News — stock market,ok,,,
1782224101914,Jun 23 2026 10:15 AM ET,prices (Yahoo),ok,0,0.08,19 cross-checked vs CNBC
1782224101914,Jun 23 2026 10:15 AM ET,VIX (Yahoo),ok,,2.04,vs CNBC .VIX
1782224101914,Jun 23 2026 10:15 AM ET,CNN Fear & Greed,ok,3,,display-only (T3)
1782224101914,Jun 23 2026 10:15 AM ET,Crypto Fear & Greed,ok,855,,
1782224101914,Jun 23 2026 10:15 AM ET,SEC filings,ok,,,
1782224101914,Jun 23 2026 10:15 AM ET,Company posts (X),ok (some handles unverified),,,
1782224101914,Jun 23 2026 10:15 AM ET,Reddit,skipped,,,context-only (T3)
1782224101914,Jun 23 2026 10:15 AM ET,StockTwits,skipped,,,context-only (T3)
1782224101914,Jun 23 2026 10:15 AM ET,Econ calendar,skipped,,,
1782224101914,Jun 23 2026 10:15 AM ET,Earnings,skipped,,,
1782224101914,Jun 23 2026 10:15 AM ET,news: CNBC top news,ok,,,
1782224101914,Jun 23 2026 10:15 AM ET,news: MarketWatch top,ok,,,
1782224101914,Jun 23 2026 10:15 AM ET,news: Google News — stock market,ok,,,
1782225902246,Jun 23 2026 10:45 AM ET,prices (Yahoo),ok,0,0.08,19 cross-checked vs CNBC
1782225902246,Jun 23 2026 10:45 AM ET,VIX (Yahoo),ok,,0.52,vs CNBC .VIX
1782225902246,Jun 23 2026 10:45 AM ET,CNN Fear & Greed,ok,3,,display-only (T3)
1782225902246,Jun 23 2026 10:45 AM ET,Crypto Fear & Greed,ok,885,,
1782225902246,Jun 23 2026 10:45 AM ET,SEC filings,ok,,,
1782225902246,Jun 23 2026 10:45 AM ET,Company posts (X),ok (some handles unverified),,,
1782225902246,Jun 23 2026 10:45 AM ET,Reddit,skipped,,,context-only (T3)
1782225902246,Jun 23 2026 10:45 AM ET,StockTwits,skipped,,,context-only (T3)
1782225902246,Jun 23 2026 10:45 AM ET,Econ calendar,skipped,,,
1782225902246,Jun 23 2026 10:45 AM ET,Earnings,skipped,,,
1782225902246,Jun 23 2026 10:45 AM ET,news: CNBC top news,ok,,,
1782225902246,Jun 23 2026 10:45 AM ET,news: MarketWatch top,ok,,,
1782225902246,Jun 23 2026 10:45 AM ET,news: Google News — stock market,ok,,,
1782227702261,Jun 23 2026 11:15 AM ET,prices (Yahoo),ok,0,0.14,19 cross-checked vs CNBC
1782227702261,Jun 23 2026 11:15 AM ET,VIX (Yahoo),ok,,0.57,vs CNBC .VIX
1782227702261,Jun 23 2026 11:15 AM ET,CNN Fear & Greed,ok,4,,display-only (T3)
1782227702261,Jun 23 2026 11:15 AM ET,Crypto Fear & Greed,ok,915,,
1782227702261,Jun 23 2026 11:15 AM ET,SEC filings,ok,,,
1782227702261,Jun 23 2026 11:15 AM ET,Company posts (X),ok (some handles unverified),,,
1782227702261,Jun 23 2026 11:15 AM ET,Reddit,skipped,,,context-only (T3)
1782227702261,Jun 23 2026 11:15 AM ET,StockTwits,skipped,,,context-only (T3)
1782227702261,Jun 23 2026 11:15 AM ET,Econ calendar,skipped,,,
1782227702261,Jun 23 2026 11:15 AM ET,Earnings,skipped,,,
1782227702261,Jun 23 2026 11:15 AM ET,news: CNBC top news,ok,,,
1782227702261,Jun 23 2026 11:15 AM ET,news: MarketWatch top,ok,,,
1782227702261,Jun 23 2026 11:15 AM ET,news: Google News — stock market,ok,,,
1782229502145,Jun 23 2026 11:45 AM ET,prices (Yahoo),ok,0,0.08,19 cross-checked vs CNBC
1782229502145,Jun 23 2026 11:45 AM ET,VIX (Yahoo),ok,,0.46,vs CNBC .VIX
1782229502145,Jun 23 2026 11:45 AM ET,CNN Fear & Greed,ok,4,,display-only (T3)
1782229502145,Jun 23 2026 11:45 AM ET,Crypto Fear & Greed,ok,945,,
1782229502145,Jun 23 2026 11:45 AM ET,SEC filings,ok,,,
1782229502145,Jun 23 2026 11:45 AM ET,Company posts (X),ok (some handles unverified),,,
1782229502145,Jun 23 2026 11:45 AM ET,Reddit,skipped,,,context-only (T3)
1782229502145,Jun 23 2026 11:45 AM ET,StockTwits,skipped,,,context-only (T3)
1782229502145,Jun 23 2026 11:45 AM ET,Econ calendar,skipped,,,
1782229502145,Jun 23 2026 11:45 AM ET,Earnings,skipped,,,
1782229502145,Jun 23 2026 11:45 AM ET,news: CNBC top news,ok,,,
1782229502145,Jun 23 2026 11:45 AM ET,news: MarketWatch top,ok,,,
1782229502145,Jun 23 2026 11:45 AM ET,news: Google News — stock market,ok,,,
1782231301909,Jun 23 2026 12:15 PM ET,prices (Yahoo),ok,0,0.04,19 cross-checked vs CNBC
1782231301909,Jun 23 2026 12:15 PM ET,VIX (Yahoo),ok,,2.42,vs CNBC .VIX
1782231301909,Jun 23 2026 12:15 PM ET,CNN Fear & Greed,ok,4,,display-only (T3)
1782231301909,Jun 23 2026 12:15 PM ET,Crypto Fear & Greed,ok,975,,
1782231301909,Jun 23 2026 12:15 PM ET,SEC filings,ok,,,
1782231301909,Jun 23 2026 12:15 PM ET,Company posts (X),ok (some handles unverified),,,
1782231301909,Jun 23 2026 12:15 PM ET,Reddit,skipped,,,context-only (T3)
1782231301909,Jun 23 2026 12:15 PM ET,StockTwits,skipped,,,context-only (T3)
1782231301909,Jun 23 2026 12:15 PM ET,Econ calendar,skipped,,,
1782231301909,Jun 23 2026 12:15 PM ET,Earnings,skipped,,,
1782231301909,Jun 23 2026 12:15 PM ET,news: CNBC top news,ok,,,
1782231301909,Jun 23 2026 12:15 PM ET,news: MarketWatch top,ok,,,
1782231301909,Jun 23 2026 12:15 PM ET,news: Google News — stock market,ok,,,
1782231367812,Jun 23 2026 12:16 PM ET,prices (Yahoo),ok,0,0.1,19 cross-checked vs CNBC
1782231367812,Jun 23 2026 12:16 PM ET,VIX (Yahoo),ok,,2,vs CNBC .VIX
1782231367812,Jun 23 2026 12:16 PM ET,CNN Fear & Greed,ok,5,,display-only (T3)
1782231367812,Jun 23 2026 12:16 PM ET,Crypto Fear & Greed,ok,976,,
1782231367812,Jun 23 2026 12:16 PM ET,SEC filings,ok,,,
1782231367812,Jun 23 2026 12:16 PM ET,Company posts (X),ok (some handles unverified),,,
1782231367812,Jun 23 2026 12:16 PM ET,Reddit,skipped,,,context-only (T3)
1782231367812,Jun 23 2026 12:16 PM ET,StockTwits,skipped,,,context-only (T3)
1782231367812,Jun 23 2026 12:16 PM ET,Econ calendar,skipped,,,
1782231367812,Jun 23 2026 12:16 PM ET,Earnings,skipped,,,
1782231367812,Jun 23 2026 12:16 PM ET,news: CNBC top news,ok,,,
1782231367812,Jun 23 2026 12:16 PM ET,news: MarketWatch top,ok,,,
1782231367812,Jun 23 2026 12:16 PM ET,news: Google News — stock market,ok,,,
1782233101934,Jun 23 2026 12:45 PM ET,prices (Yahoo),ok,0,0.13,19 cross-checked vs CNBC
1782233101934,Jun 23 2026 12:45 PM ET,VIX (Yahoo),ok,,1.12,vs CNBC .VIX
1782233101934,Jun 23 2026 12:45 PM ET,CNN Fear & Greed,ok,3,,display-only (T3)
1782233101934,Jun 23 2026 12:45 PM ET,Crypto Fear & Greed,ok,1005,,
1782233101934,Jun 23 2026 12:45 PM ET,SEC filings,ok,,,
1782233101934,Jun 23 2026 12:45 PM ET,Company posts (X),ok (some handles unverified),,,
1782233101934,Jun 23 2026 12:45 PM ET,Reddit,skipped,,,context-only (T3)
1782233101934,Jun 23 2026 12:45 PM ET,StockTwits,skipped,,,context-only (T3)
1782233101934,Jun 23 2026 12:45 PM ET,Econ calendar,skipped,,,
1782233101934,Jun 23 2026 12:45 PM ET,Earnings,skipped,,,
1782233101934,Jun 23 2026 12:45 PM ET,news: CNBC top news,ok,,,
1782233101934,Jun 23 2026 12:45 PM ET,news: MarketWatch top,ok,,,
1782233101934,Jun 23 2026 12:45 PM ET,news: Google News — stock market,ok,,,
1782234901955,Jun 23 2026 1:15 PM ET,prices (Yahoo),ok,0,0.11,19 cross-checked vs CNBC
1782234901955,Jun 23 2026 1:15 PM ET,VIX (Yahoo),ok,,0.11,vs CNBC .VIX
1782234901955,Jun 23 2026 1:15 PM ET,CNN Fear & Greed,ok,4,,display-only (T3)
1782234901955,Jun 23 2026 1:15 PM ET,Crypto Fear & Greed,ok,1035,,
1782234901955,Jun 23 2026 1:15 PM ET,SEC filings,ok,,,
1782234901955,Jun 23 2026 1:15 PM ET,Company posts (X),ok (some handles unverified),,,
1782234901955,Jun 23 2026 1:15 PM ET,Reddit,skipped,,,context-only (T3)
1782234901955,Jun 23 2026 1:15 PM ET,StockTwits,skipped,,,context-only (T3)
1782234901955,Jun 23 2026 1:15 PM ET,Econ calendar,skipped,,,
1782234901955,Jun 23 2026 1:15 PM ET,Earnings,skipped,,,
1782234901955,Jun 23 2026 1:15 PM ET,news: CNBC top news,ok,,,
1782234901955,Jun 23 2026 1:15 PM ET,news: MarketWatch top,ok,,,
1782234901955,Jun 23 2026 1:15 PM ET,news: Google News — stock market,ok,,,
1782236702137,Jun 23 2026 1:45 PM ET,prices (Yahoo),ok,0,0.08,19 cross-checked vs CNBC
1782236702137,Jun 23 2026 1:45 PM ET,VIX (Yahoo),ok,,0.05,vs CNBC .VIX
1782236702137,Jun 23 2026 1:45 PM ET,CNN Fear & Greed,ok,4,,display-only (T3)
1782236702137,Jun 23 2026 1:45 PM ET,Crypto Fear & Greed,ok,1065,,
1782236702137,Jun 23 2026 1:45 PM ET,SEC filings,ok,,,
1782236702137,Jun 23 2026 1:45 PM ET,Company posts (X),ok (some handles unverified),,,
1782236702137,Jun 23 2026 1:45 PM ET,Reddit,skipped,,,context-only (T3)
1782236702137,Jun 23 2026 1:45 PM ET,StockTwits,skipped,,,context-only (T3)
1782236702137,Jun 23 2026 1:45 PM ET,Econ calendar,skipped,,,
1782236702137,Jun 23 2026 1:45 PM ET,Earnings,skipped,,,
1782236702137,Jun 23 2026 1:45 PM ET,news: CNBC top news,ok,,,
1782236702137,Jun 23 2026 1:45 PM ET,news: MarketWatch top,ok,,,
1782236702137,Jun 23 2026 1:45 PM ET,news: Google News — stock market,ok,,,
1782238502249,Jun 23 2026 2:15 PM ET,prices (Yahoo),ok,0,0.07,19 cross-checked vs CNBC
1782238502249,Jun 23 2026 2:15 PM ET,VIX (Yahoo),ok,,0.31,vs CNBC .VIX
1782238502249,Jun 23 2026 2:15 PM ET,CNN Fear & Greed,ok,6,,display-only (T3)
1782238502249,Jun 23 2026 2:15 PM ET,Crypto Fear & Greed,ok,1095,,
1782238502249,Jun 23 2026 2:15 PM ET,SEC filings,ok,,,
1782238502249,Jun 23 2026 2:15 PM ET,Company posts (X),ok (some handles unverified),,,
1782238502249,Jun 23 2026 2:15 PM ET,Reddit,skipped,,,context-only (T3)
1782238502249,Jun 23 2026 2:15 PM ET,StockTwits,skipped,,,context-only (T3)
1782238502249,Jun 23 2026 2:15 PM ET,Econ calendar,skipped,,,
1782238502249,Jun 23 2026 2:15 PM ET,Earnings,skipped,,,
1782238502249,Jun 23 2026 2:15 PM ET,news: CNBC top news,ok,,,
1782238502249,Jun 23 2026 2:15 PM ET,news: MarketWatch top,ok,,,
1782238502249,Jun 23 2026 2:15 PM ET,news: Google News — stock market,ok,,,
1782238663754,Jun 23 2026 2:17 PM ET,prices (Yahoo),ok,0,0.04,19 cross-checked vs CNBC
1782238663754,Jun 23 2026 2:17 PM ET,VIX (Yahoo),ok,,1,vs CNBC .VIX
1782238663754,Jun 23 2026 2:17 PM ET,CNN Fear & Greed,ok,5,,display-only (T3)
1782238663754,Jun 23 2026 2:17 PM ET,Crypto Fear & Greed,ok,1098,,
1782238663754,Jun 23 2026 2:17 PM ET,SEC filings,ok,,,
1782238663754,Jun 23 2026 2:17 PM ET,Company posts (X),ok (some handles unverified),,,
1782238663754,Jun 23 2026 2:17 PM ET,Reddit,skipped,,,context-only (T3)
1782238663754,Jun 23 2026 2:17 PM ET,StockTwits,skipped,,,context-only (T3)
1782238663754,Jun 23 2026 2:17 PM ET,Econ calendar,skipped,,,
1782238663754,Jun 23 2026 2:17 PM ET,Earnings,skipped,,,
1782238663754,Jun 23 2026 2:17 PM ET,news: CNBC top news,ok,,,
1782238663754,Jun 23 2026 2:17 PM ET,news: MarketWatch top,ok,,,
1782238663754,Jun 23 2026 2:17 PM ET,news: Google News — stock market,ok,,,
1782240301955,Jun 23 2026 2:45 PM ET,prices (Yahoo),ok,0,0.08,19 cross-checked vs CNBC
1782240301955,Jun 23 2026 2:45 PM ET,VIX (Yahoo),ok,,2.35,vs CNBC .VIX
1782240301955,Jun 23 2026 2:45 PM ET,CNN Fear & Greed,ok,4,,display-only (T3)
1782240301955,Jun 23 2026 2:45 PM ET,Crypto Fear & Greed,ok,1125,,
1782240301955,Jun 23 2026 2:45 PM ET,SEC filings,ok,,,
1782240301955,Jun 23 2026 2:45 PM ET,Company posts (X),ok (some handles unverified),,,
1782240301955,Jun 23 2026 2:45 PM ET,Reddit,skipped,,,context-only (T3)
1782240301955,Jun 23 2026 2:45 PM ET,StockTwits,skipped,,,context-only (T3)
1782240301955,Jun 23 2026 2:45 PM ET,Econ calendar,skipped,,,
1782240301955,Jun 23 2026 2:45 PM ET,Earnings,skipped,,,
1782240301955,Jun 23 2026 2:45 PM ET,news: CNBC top news,ok,,,
1782240301955,Jun 23 2026 2:45 PM ET,news: MarketWatch top,ok,,,
1782240301955,Jun 23 2026 2:45 PM ET,news: Google News — stock market,ok,,,
1782242101979,Jun 23 2026 3:15 PM ET,prices (Yahoo),ok,0,0.06,19 cross-checked vs CNBC
1782242101979,Jun 23 2026 3:15 PM ET,VIX (Yahoo),ok,,0.15,vs CNBC .VIX
1782242101979,Jun 23 2026 3:15 PM ET,CNN Fear & Greed,ok,4,,display-only (T3)
1782242101979,Jun 23 2026 3:15 PM ET,Crypto Fear & Greed,ok,1155,,
1782242101979,Jun 23 2026 3:15 PM ET,SEC filings,ok,,,
1782242101979,Jun 23 2026 3:15 PM ET,Company posts (X),ok (some handles unverified),,,
1782242101979,Jun 23 2026 3:15 PM ET,Reddit,skipped,,,context-only (T3)
1782242101979,Jun 23 2026 3:15 PM ET,StockTwits,skipped,,,context-only (T3)
1782242101979,Jun 23 2026 3:15 PM ET,Econ calendar,skipped,,,
1782242101979,Jun 23 2026 3:15 PM ET,Earnings,skipped,,,
1782242101979,Jun 23 2026 3:15 PM ET,news: CNBC top news,ok,,,
1782242101979,Jun 23 2026 3:15 PM ET,news: MarketWatch top,ok,,,
1782242101979,Jun 23 2026 3:15 PM ET,news: Google News — stock market,ok,,,
1782243902116,Jun 23 2026 3:45 PM ET,prices (Yahoo),ok,0,0.08,19 cross-checked vs CNBC
1782243902116,Jun 23 2026 3:45 PM ET,VIX (Yahoo),ok,,0.77,vs CNBC .VIX
1782243902116,Jun 23 2026 3:45 PM ET,CNN Fear & Greed,ok,3,,display-only (T3)
1782243902116,Jun 23 2026 3:45 PM ET,Crypto Fear & Greed,ok,1185,,
1782243902116,Jun 23 2026 3:45 PM ET,SEC filings,ok,,,
1782243902116,Jun 23 2026 3:45 PM ET,Company posts (X),ok (some handles unverified),,,
1782243902116,Jun 23 2026 3:45 PM ET,Reddit,skipped,,,context-only (T3)
1782243902116,Jun 23 2026 3:45 PM ET,StockTwits,skipped,,,context-only (T3)
1782243902116,Jun 23 2026 3:45 PM ET,Econ calendar,skipped,,,
1782243902116,Jun 23 2026 3:45 PM ET,Earnings,skipped,,,
1782243902116,Jun 23 2026 3:45 PM ET,news: CNBC top news,ok,,,
1782243902116,Jun 23 2026 3:45 PM ET,news: MarketWatch top,ok,,,
1782243902116,Jun 23 2026 3:45 PM ET,news: Google News — stock market,ok,,,
1782245701987,Jun 23 2026 4:15 PM ET,prices (Yahoo),ok,0,0.08,19 cross-checked vs CNBC
1782245701987,Jun 23 2026 4:15 PM ET,VIX (Yahoo),ok,,0.1,vs CNBC .VIX
1782245701987,Jun 23 2026 4:15 PM ET,CNN Fear & Greed,ok,13,,display-only (T3)
1782245701987,Jun 23 2026 4:15 PM ET,Crypto Fear & Greed,ok,1215,,
1782245701987,Jun 23 2026 4:15 PM ET,SEC filings,ok,,,
1782245701987,Jun 23 2026 4:15 PM ET,Company posts (X),ok (some handles unverified),,,
1782245701987,Jun 23 2026 4:15 PM ET,Reddit,skipped,,,context-only (T3)
1782245701987,Jun 23 2026 4:15 PM ET,StockTwits,skipped,,,context-only (T3)
1782245701987,Jun 23 2026 4:15 PM ET,Econ calendar,skipped,,,
1782245701987,Jun 23 2026 4:15 PM ET,Earnings,skipped,,,
1782245701987,Jun 23 2026 4:15 PM ET,news: CNBC top news,ok,,,
1782245701987,Jun 23 2026 4:15 PM ET,news: MarketWatch top,ok,,,
1782245701987,Jun 23 2026 4:15 PM ET,news: Google News — stock market,ok,,,
1782246485400,Jun 23 2026 4:28 PM ET,prices (Yahoo),ok,0,0.08,19 cross-checked vs CNBC
1782246485400,Jun 23 2026 4:28 PM ET,VIX (Yahoo),ok,,0.15,vs CNBC .VIX
1782246485400,Jun 23 2026 4:28 PM ET,CNN Fear & Greed,ok,11,,display-only (T3)
1782246485400,Jun 23 2026 4:28 PM ET,Crypto Fear & Greed,ok,1228,,
1782246485400,Jun 23 2026 4:28 PM ET,SEC filings,ok,,,
1782246485400,Jun 23 2026 4:28 PM ET,Company posts (X),ok (some handles unverified),,,
1782246485400,Jun 23 2026 4:28 PM ET,Reddit,skipped,,,context-only (T3)
1782246485400,Jun 23 2026 4:28 PM ET,StockTwits,skipped,,,context-only (T3)
1782246485400,Jun 23 2026 4:28 PM ET,Econ calendar,skipped,,,
1782246485400,Jun 23 2026 4:28 PM ET,Earnings,skipped,,,
1782246485400,Jun 23 2026 4:28 PM ET,news: CNBC top news,ok,,,
1782246485400,Jun 23 2026 4:28 PM ET,news: MarketWatch top,ok,,,
1782246485400,Jun 23 2026 4:28 PM ET,news: Google News — stock market,ok,,,
1782247587162,Jun 23 2026 4:46 PM ET,prices (Yahoo),ok,0,0.08,19 cross-checked vs CNBC
1782247587162,Jun 23 2026 4:46 PM ET,VIX (Yahoo),ok,,0,vs CNBC .VIX
1782247587162,Jun 23 2026 4:46 PM ET,CNN Fear & Greed,ok,19,,display-only (T3)
1782247587162,Jun 23 2026 4:46 PM ET,Crypto Fear & Greed,ok,1246,,
1782247587162,Jun 23 2026 4:46 PM ET,SEC filings,ok,,,
1782247587162,Jun 23 2026 4:46 PM ET,Company posts (X),ok (some handles unverified),,,
1782247587162,Jun 23 2026 4:46 PM ET,Reddit,skipped,,,context-only (T3)
1782247587162,Jun 23 2026 4:46 PM ET,StockTwits,skipped,,,context-only (T3)
1782247587162,Jun 23 2026 4:46 PM ET,Econ calendar,skipped,,,
1782247587162,Jun 23 2026 4:46 PM ET,Earnings,skipped,,,
1782247587162,Jun 23 2026 4:46 PM ET,news: CNBC top news,ok,,,
1782247587162,Jun 23 2026 4:46 PM ET,news: MarketWatch top,ok,,,
1782247587162,Jun 23 2026 4:46 PM ET,news: Google News — stock market,ok,,,
1782251969844,Jun 23 2026 5:59 PM ET,prices (Yahoo),ok,0,0.08,19 cross-checked vs CNBC
1782251969844,Jun 23 2026 5:59 PM ET,VIX (Yahoo),ok,,0,vs CNBC .VIX
1782251969844,Jun 23 2026 5:59 PM ET,CNN Fear & Greed,ok,17,,display-only (T3)
1782251969844,Jun 23 2026 5:59 PM ET,Crypto Fear & Greed,ok,1319,,
1782251969844,Jun 23 2026 5:59 PM ET,SEC filings,ok,,,
1782251969844,Jun 23 2026 5:59 PM ET,Company posts (X),ok (some handles unverified),,,
1782251969844,Jun 23 2026 5:59 PM ET,Reddit,skipped,,,context-only (T3)
1782251969844,Jun 23 2026 5:59 PM ET,StockTwits,skipped,,,context-only (T3)
1782251969844,Jun 23 2026 5:59 PM ET,Econ calendar,skipped,,,
1782251969844,Jun 23 2026 5:59 PM ET,Earnings,skipped,,,
1782251969844,Jun 23 2026 5:59 PM ET,news: CNBC top news,ok,,,
1782251969844,Jun 23 2026 5:59 PM ET,news: MarketWatch top,ok,,,
1782251969844,Jun 23 2026 5:59 PM ET,news: Google News — stock market,ok,,,
1782307596868,Jun 24 2026 9:26 AM ET,prices (Yahoo),ok,0,0.08,19 cross-checked vs CNBC
1782307596868,Jun 24 2026 9:26 AM ET,VIX (Yahoo),ok,,0,vs CNBC .VIX
1782307596868,Jun 24 2026 9:26 AM ET,CNN Fear & Greed,ok,18,,display-only (T3)
1782307596868,Jun 24 2026 9:26 AM ET,Crypto Fear & Greed,ok,807,,
1782307596868,Jun 24 2026 9:26 AM ET,SEC filings,ok,,,
1782307596868,Jun 24 2026 9:26 AM ET,Company posts (X),ok (some handles unverified),,,
1782307596868,Jun 24 2026 9:26 AM ET,Reddit,skipped,,,context-only (T3)
1782307596868,Jun 24 2026 9:26 AM ET,StockTwits,skipped,,,context-only (T3)
1782307596868,Jun 24 2026 9:26 AM ET,Econ calendar,skipped,,,
1782307596868,Jun 24 2026 9:26 AM ET,Earnings,skipped,,,
1782307596868,Jun 24 2026 9:26 AM ET,news: CNBC top news,ok,,,
1782307596868,Jun 24 2026 9:26 AM ET,news: MarketWatch top,ok,,,
1782307596868,Jun 24 2026 9:26 AM ET,news: Google News — stock market,ok,,,
1782314367851,Jun 24 2026 11:19 AM ET,prices (Yahoo),ok,0,0.17,19 cross-checked vs CNBC
1782314367851,Jun 24 2026 11:19 AM ET,VIX (Yahoo),ok,,0.55,vs CNBC .VIX
1782314367851,Jun 24 2026 11:19 AM ET,CNN Fear & Greed,ok,7,,display-only (T3)
1782314367851,Jun 24 2026 11:19 AM ET,Crypto Fear & Greed,ok,919,,
1782314367851,Jun 24 2026 11:19 AM ET,SEC filings,ok,,,
1782314367851,Jun 24 2026 11:19 AM ET,Company posts (X),ok (some handles unverified),,,
1782314367851,Jun 24 2026 11:19 AM ET,Reddit,skipped,,,context-only (T3)
1782314367851,Jun 24 2026 11:19 AM ET,StockTwits,skipped,,,context-only (T3)
1782314367851,Jun 24 2026 11:19 AM ET,Econ calendar,skipped,,,
1782314367851,Jun 24 2026 11:19 AM ET,Earnings,skipped,,,
1782314367851,Jun 24 2026 11:19 AM ET,news: CNBC top news,ok,,,
1782314367851,Jun 24 2026 11:19 AM ET,news: MarketWatch top,ok,,,
1782314367851,Jun 24 2026 11:19 AM ET,news: Google News — stock market,ok,,,
1782316167749,Jun 24 2026 11:49 AM ET,prices (Yahoo),ok,0,0.12,19 cross-checked vs CNBC
1782316167749,Jun 24 2026 11:49 AM ET,VIX (Yahoo),ok,,1.03,vs CNBC .VIX
1782316167749,Jun 24 2026 11:49 AM ET,CNN Fear & Greed,ok,7,,display-only (T3)
1782316167749,Jun 24 2026 11:49 AM ET,Crypto Fear & Greed,ok,949,,
1782316167749,Jun 24 2026 11:49 AM ET,SEC filings,ok,,,
1782316167749,Jun 24 2026 11:49 AM ET,Company posts (X),ok (some handles unverified),,,
1782316167749,Jun 24 2026 11:49 AM ET,Reddit,skipped,,,context-only (T3)
1782316167749,Jun 24 2026 11:49 AM ET,StockTwits,skipped,,,context-only (T3)
1782316167749,Jun 24 2026 11:49 AM ET,Econ calendar,skipped,,,
1782316167749,Jun 24 2026 11:49 AM ET,Earnings,skipped,,,
1782316167749,Jun 24 2026 11:49 AM ET,news: CNBC top news,ok,,,
1782316167749,Jun 24 2026 11:49 AM ET,news: MarketWatch top,ok,,,
1782316167749,Jun 24 2026 11:49 AM ET,news: Google News — stock market,ok,,,
1782316470216,Jun 24 2026 11:54 AM ET,prices (Yahoo),ok,0,0.08,19 cross-checked vs CNBC
1782316470216,Jun 24 2026 11:54 AM ET,VIX (Yahoo),ok,,0.11,vs CNBC .VIX
1782316470216,Jun 24 2026 11:54 AM ET,CNN Fear & Greed,ok,1,,display-only (T3)
1782316470216,Jun 24 2026 11:54 AM ET,Crypto Fear & Greed,ok,955,,
1782316470216,Jun 24 2026 11:54 AM ET,SEC filings,ok,,,
1782316470216,Jun 24 2026 11:54 AM ET,Company posts (X),ok (some handles unverified),,,
1782316470216,Jun 24 2026 11:54 AM ET,Reddit,skipped,,,context-only (T3)
1782316470216,Jun 24 2026 11:54 AM ET,StockTwits,skipped,,,context-only (T3)
1782316470216,Jun 24 2026 11:54 AM ET,Econ calendar,skipped,,,
1782316470216,Jun 24 2026 11:54 AM ET,Earnings,skipped,,,
1782316470216,Jun 24 2026 11:54 AM ET,news: CNBC top news,ok,,,
1782316470216,Jun 24 2026 11:54 AM ET,news: MarketWatch top,ok,,,
1782316470216,Jun 24 2026 11:54 AM ET,news: Google News — stock market,ok,,,
1782317702235,Jun 24 2026 12:15 PM ET,prices (Yahoo),ok,0,0.08,19 cross-checked vs CNBC
1782317702235,Jun 24 2026 12:15 PM ET,VIX (Yahoo),ok,,0.05,vs CNBC .VIX
1782317702235,Jun 24 2026 12:15 PM ET,CNN Fear & Greed,ok,3,,display-only (T3)
1782317702235,Jun 24 2026 12:15 PM ET,Crypto Fear & Greed,ok,975,,
1782317702235,Jun 24 2026 12:15 PM ET,SEC filings,ok,,,
1782317702235,Jun 24 2026 12:15 PM ET,Company posts (X),ok (some handles unverified),,,
1782317702235,Jun 24 2026 12:15 PM ET,Reddit,skipped,,,context-only (T3)
1782317702235,Jun 24 2026 12:15 PM ET,StockTwits,skipped,,,context-only (T3)
1782317702235,Jun 24 2026 12:15 PM ET,Econ calendar,skipped,,,
1782317702235,Jun 24 2026 12:15 PM ET,Earnings,skipped,,,
1782317702235,Jun 24 2026 12:15 PM ET,news: CNBC top news,ok,,,
1782317702235,Jun 24 2026 12:15 PM ET,news: MarketWatch top,ok,,,
1782317702235,Jun 24 2026 12:15 PM ET,news: Google News — stock market,ok,,,
1782319501952,Jun 24 2026 12:45 PM ET,prices (Yahoo),ok,0,0.06,19 cross-checked vs CNBC
1782319501952,Jun 24 2026 12:45 PM ET,VIX (Yahoo),ok,,2.39,vs CNBC .VIX
1782319501952,Jun 24 2026 12:45 PM ET,CNN Fear & Greed,ok,3,,display-only (T3)
1782319501952,Jun 24 2026 12:45 PM ET,Crypto Fear & Greed,ok,1005,,
1782319501952,Jun 24 2026 12:45 PM ET,SEC filings,ok,,,
1782319501952,Jun 24 2026 12:45 PM ET,Company posts (X),ok (some handles unverified),,,
1782319501952,Jun 24 2026 12:45 PM ET,Reddit,skipped,,,context-only (T3)
1782319501952,Jun 24 2026 12:45 PM ET,StockTwits,skipped,,,context-only (T3)
1782319501952,Jun 24 2026 12:45 PM ET,Econ calendar,skipped,,,
1782319501952,Jun 24 2026 12:45 PM ET,Earnings,skipped,,,
1782319501952,Jun 24 2026 12:45 PM ET,news: CNBC top news,ok,,,
1782319501952,Jun 24 2026 12:45 PM ET,news: MarketWatch top,ok,,,
1782319501952,Jun 24 2026 12:45 PM ET,news: Google News — stock market,ok,,,
1782321302997,Jun 24 2026 1:15 PM ET,prices (Yahoo),ok,0,0.07,19 cross-checked vs CNBC
1782321302997,Jun 24 2026 1:15 PM ET,VIX (Yahoo),ok,,1.15,vs CNBC .VIX
1782321302997,Jun 24 2026 1:15 PM ET,CNN Fear & Greed,ok,3,,display-only (T3)
1782321302997,Jun 24 2026 1:15 PM ET,Crypto Fear & Greed,ok,1035,,
1782321302997,Jun 24 2026 1:15 PM ET,SEC filings,ok,,,
1782321302997,Jun 24 2026 1:15 PM ET,Company posts (X),ok (some handles unverified),,,
1782321302997,Jun 24 2026 1:15 PM ET,Reddit,skipped,,,context-only (T3)
1782321302997,Jun 24 2026 1:15 PM ET,StockTwits,skipped,,,context-only (T3)
1782321302997,Jun 24 2026 1:15 PM ET,Econ calendar,skipped,,,
1782321302997,Jun 24 2026 1:15 PM ET,Earnings,skipped,,,
1782321302997,Jun 24 2026 1:15 PM ET,news: CNBC top news,ok,,,
1782321302997,Jun 24 2026 1:15 PM ET,news: MarketWatch top,ok,,,
1782321302997,Jun 24 2026 1:15 PM ET,news: Google News — stock market,ok,,,
1782323101845,Jun 24 2026 1:45 PM ET,prices (Yahoo),ok,0,0.13,19 cross-checked vs CNBC
1782323101845,Jun 24 2026 1:45 PM ET,VIX (Yahoo),ok,,0.3,vs CNBC .VIX
1782323101845,Jun 24 2026 1:45 PM ET,CNN Fear & Greed,ok,1,,display-only (T3)
1782323101845,Jun 24 2026 1:45 PM ET,Crypto Fear & Greed,ok,1065,,
1782323101845,Jun 24 2026 1:45 PM ET,SEC filings,ok,,,
1782323101845,Jun 24 2026 1:45 PM ET,Company posts (X),ok (some handles unverified),,,
1782323101845,Jun 24 2026 1:45 PM ET,Reddit,skipped,,,context-only (T3)
1782323101845,Jun 24 2026 1:45 PM ET,StockTwits,skipped,,,context-only (T3)
1782323101845,Jun 24 2026 1:45 PM ET,Econ calendar,skipped,,,
1782323101845,Jun 24 2026 1:45 PM ET,Earnings,skipped,,,
1782323101845,Jun 24 2026 1:45 PM ET,news: CNBC top news,ok,,,
1782323101845,Jun 24 2026 1:45 PM ET,news: MarketWatch top,ok,,,
1782323101845,Jun 24 2026 1:45 PM ET,news: Google News — stock market,ok,,,
1782324203061,Jun 24 2026 2:03 PM ET,prices (Yahoo),ok,0,0.09,19 cross-checked vs CNBC
1782324203061,Jun 24 2026 2:03 PM ET,VIX (Yahoo),ok,,0.2,vs CNBC .VIX
1782324203061,Jun 24 2026 2:03 PM ET,CNN Fear & Greed,ok,5,,display-only (T3)
1782324203061,Jun 24 2026 2:03 PM ET,Crypto Fear & Greed,ok,1083,,
1782324203061,Jun 24 2026 2:03 PM ET,SEC filings,ok,,,
1782324203061,Jun 24 2026 2:03 PM ET,Company posts (X),ok (some handles unverified),,,
1782324203061,Jun 24 2026 2:03 PM ET,Reddit,skipped,,,context-only (T3)
1782324203061,Jun 24 2026 2:03 PM ET,StockTwits,skipped,,,context-only (T3)
1782324203061,Jun 24 2026 2:03 PM ET,Econ calendar,skipped,,,
1782324203061,Jun 24 2026 2:03 PM ET,Earnings,skipped,,,
1782324203061,Jun 24 2026 2:03 PM ET,news: CNBC top news,ok,,,
1782324203061,Jun 24 2026 2:03 PM ET,news: MarketWatch top,ok,,,
1782324203061,Jun 24 2026 2:03 PM ET,news: Google News — stock market,ok,,,
1782325802035,Jun 24 2026 2:30 PM ET,prices (Yahoo),ok,0,0.08,19 cross-checked vs CNBC
1782325802035,Jun 24 2026 2:30 PM ET,VIX (Yahoo),ok,,2.39,vs CNBC .VIX
1782325802035,Jun 24 2026 2:30 PM ET,CNN Fear & Greed,ok,2,,display-only (T3)
1782325802035,Jun 24 2026 2:30 PM ET,Crypto Fear & Greed,ok,1110,,
1782325802035,Jun 24 2026 2:30 PM ET,SEC filings,ok,,,
1782325802035,Jun 24 2026 2:30 PM ET,Company posts (X),ok (some handles unverified),,,
1782325802035,Jun 24 2026 2:30 PM ET,Reddit,skipped,,,context-only (T3)
1782325802035,Jun 24 2026 2:30 PM ET,StockTwits,skipped,,,context-only (T3)
1782325802035,Jun 24 2026 2:30 PM ET,Econ calendar,skipped,,,
1782325802035,Jun 24 2026 2:30 PM ET,Earnings,skipped,,,
1782325802035,Jun 24 2026 2:30 PM ET,news: CNBC top news,ok,,,
1782325802035,Jun 24 2026 2:30 PM ET,news: MarketWatch top,ok,,,
1782325802035,Jun 24 2026 2:30 PM ET,news: Google News — stock market,ok,,,
1782327602470,Jun 24 2026 3:00 PM ET,prices (Yahoo),ok,0,0.17,19 cross-checked vs CNBC
1782327602470,Jun 24 2026 3:00 PM ET,VIX (Yahoo),ok,,2.16,vs CNBC .VIX
1782327602470,Jun 24 2026 3:00 PM ET,CNN Fear & Greed,ok,2,,display-only (T3)
1782327602470,Jun 24 2026 3:00 PM ET,Crypto Fear & Greed,ok,1140,,
1782327602470,Jun 24 2026 3:00 PM ET,SEC filings,ok,,,
1782327602470,Jun 24 2026 3:00 PM ET,Company posts (X),ok (some handles unverified),,,
1782327602470,Jun 24 2026 3:00 PM ET,Reddit,skipped,,,context-only (T3)
1782327602470,Jun 24 2026 3:00 PM ET,StockTwits,skipped,,,context-only (T3)
1782327602470,Jun 24 2026 3:00 PM ET,Econ calendar,skipped,,,
1782327602470,Jun 24 2026 3:00 PM ET,Earnings,skipped,,,
1782327602470,Jun 24 2026 3:00 PM ET,news: CNBC top news,ok,,,
1782327602470,Jun 24 2026 3:00 PM ET,news: MarketWatch top,ok,,,
1782327602470,Jun 24 2026 3:00 PM ET,news: Google News — stock market,ok,,,
1782329402279,Jun 24 2026 3:30 PM ET,prices (Yahoo),ok,0,0.12,19 cross-checked vs CNBC
1782329402279,Jun 24 2026 3:30 PM ET,VIX (Yahoo),ok,,0.6,vs CNBC .VIX
1782329402279,Jun 24 2026 3:30 PM ET,CNN Fear & Greed,ok,1,,display-only (T3)
1782329402279,Jun 24 2026 3:30 PM ET,Crypto Fear & Greed,ok,1170,,
1782329402279,Jun 24 2026 3:30 PM ET,SEC filings,ok,,,
1782329402279,Jun 24 2026 3:30 PM ET,Company posts (X),ok (some handles unverified),,,
1782329402279,Jun 24 2026 3:30 PM ET,Reddit,skipped,,,context-only (T3)
1782329402279,Jun 24 2026 3:30 PM ET,StockTwits,skipped,,,context-only (T3)
1782329402279,Jun 24 2026 3:30 PM ET,Econ calendar,skipped,,,
1782329402279,Jun 24 2026 3:30 PM ET,Earnings,skipped,,,
1782329402279,Jun 24 2026 3:30 PM ET,news: CNBC top news,ok,,,
1782329402279,Jun 24 2026 3:30 PM ET,news: MarketWatch top,ok,,,
1782329402279,Jun 24 2026 3:30 PM ET,news: Google News — stock market,ok,,,
1782331202002,Jun 24 2026 4:00 PM ET,prices (Yahoo),ok,0,0.52,19 cross-checked vs CNBC
1782331202002,Jun 24 2026 4:00 PM ET,VIX (Yahoo),ok,,2.15,vs CNBC .VIX
1782331202002,Jun 24 2026 4:00 PM ET,CNN Fear & Greed,ok,1,,display-only (T3)
1782331202002,Jun 24 2026 4:00 PM ET,Crypto Fear & Greed,ok,1200,,
1782331202002,Jun 24 2026 4:00 PM ET,SEC filings,ok,,,
1782331202002,Jun 24 2026 4:00 PM ET,Company posts (X),ok (some handles unverified),,,
1782331202002,Jun 24 2026 4:00 PM ET,Reddit,skipped,,,context-only (T3)
1782331202002,Jun 24 2026 4:00 PM ET,StockTwits,skipped,,,context-only (T3)
1782331202002,Jun 24 2026 4:00 PM ET,Econ calendar,skipped,,,
1782331202002,Jun 24 2026 4:00 PM ET,Earnings,skipped,,,
1782331202002,Jun 24 2026 4:00 PM ET,news: CNBC top news,ok,,,
1782331202002,Jun 24 2026 4:00 PM ET,news: MarketWatch top,ok,,,
1782331202002,Jun 24 2026 4:00 PM ET,news: Google News — stock market,ok,,,
1782331587421,Jun 24 2026 4:06 PM ET,prices (Yahoo),ok,0,0.03,19 cross-checked vs CNBC
1782331587421,Jun 24 2026 4:06 PM ET,VIX (Yahoo),ok,,5.42,vs CNBC .VIX
1782331587421,Jun 24 2026 4:06 PM ET,CNN Fear & Greed,ok,6,,display-only (T3)
1782331587421,Jun 24 2026 4:06 PM ET,Crypto Fear & Greed,ok,1206,,
1782331587421,Jun 24 2026 4:06 PM ET,SEC filings,ok,,,
1782331587421,Jun 24 2026 4:06 PM ET,Company posts (X),ok (some handles unverified),,,
1782331587421,Jun 24 2026 4:06 PM ET,Reddit,skipped,,,context-only (T3)
1782331587421,Jun 24 2026 4:06 PM ET,StockTwits,skipped,,,context-only (T3)
1782331587421,Jun 24 2026 4:06 PM ET,Econ calendar,skipped,,,
1782331587421,Jun 24 2026 4:06 PM ET,Earnings,skipped,,,
1782331587421,Jun 24 2026 4:06 PM ET,news: CNBC top news,ok,,,
1782331587421,Jun 24 2026 4:06 PM ET,news: MarketWatch top,ok,,,
1782331587421,Jun 24 2026 4:06 PM ET,news: Google News — stock market,ok,,,
1782333002383,Jun 24 2026 4:30 PM ET,prices (Yahoo),ok,0,0.02,19 cross-checked vs CNBC
1782333002383,Jun 24 2026 4:30 PM ET,VIX (Yahoo),ok,,0.11,vs CNBC .VIX
1782333002383,Jun 24 2026 4:30 PM ET,CNN Fear & Greed,ok,11,,display-only (T3)
1782333002383,Jun 24 2026 4:30 PM ET,Crypto Fear & Greed,ok,1230,,
1782333002383,Jun 24 2026 4:30 PM ET,SEC filings,ok,,,
1782333002383,Jun 24 2026 4:30 PM ET,Company posts (X),ok (some handles unverified),,,
1782333002383,Jun 24 2026 4:30 PM ET,Reddit,skipped,,,context-only (T3)
1782333002383,Jun 24 2026 4:30 PM ET,StockTwits,skipped,,,context-only (T3)
1782333002383,Jun 24 2026 4:30 PM ET,Econ calendar,skipped,,,
1782333002383,Jun 24 2026 4:30 PM ET,Earnings,skipped,,,
1782333002383,Jun 24 2026 4:30 PM ET,news: CNBC top news,ok,,,
1782333002383,Jun 24 2026 4:30 PM ET,news: MarketWatch top,ok,,,
1782333002383,Jun 24 2026 4:30 PM ET,news: Google News — stock market,ok,,,
1782334802098,Jun 24 2026 5:00 PM ET,prices (Yahoo),ok,0,0.02,19 cross-checked vs CNBC
1782334802098,Jun 24 2026 5:00 PM ET,VIX (Yahoo),ok,,0,vs CNBC .VIX
1782334802098,Jun 24 2026 5:00 PM ET,CNN Fear & Greed,ok,18,,display-only (T3)
1782334802098,Jun 24 2026 5:00 PM ET,Crypto Fear & Greed,ok,1260,,
1782334802098,Jun 24 2026 5:00 PM ET,SEC filings,ok,,,
1782334802098,Jun 24 2026 5:00 PM ET,Company posts (X),ok (some handles unverified),,,
1782334802098,Jun 24 2026 5:00 PM ET,Reddit,skipped,,,context-only (T3)
1782334802098,Jun 24 2026 5:00 PM ET,StockTwits,skipped,,,context-only (T3)
1782334802098,Jun 24 2026 5:00 PM ET,Econ calendar,skipped,,,
1782334802098,Jun 24 2026 5:00 PM ET,Earnings,skipped,,,
1782334802098,Jun 24 2026 5:00 PM ET,news: CNBC top news,ok,,,
1782334802098,Jun 24 2026 5:00 PM ET,news: MarketWatch top,ok,,,
1782334802098,Jun 24 2026 5:00 PM ET,news: Google News — stock market,ok,,,
1782336602106,Jun 24 2026 5:30 PM ET,prices (Yahoo),ok,0,0.02,19 cross-checked vs CNBC
1782336602106,Jun 24 2026 5:30 PM ET,VIX (Yahoo),ok,,0,vs CNBC .VIX
1782336602106,Jun 24 2026 5:30 PM ET,CNN Fear & Greed,ok,21,,display-only (T3)
1782336602106,Jun 24 2026 5:30 PM ET,Crypto Fear & Greed,ok,1290,,
1782336602106,Jun 24 2026 5:30 PM ET,SEC filings,ok,,,
1782336602106,Jun 24 2026 5:30 PM ET,Company posts (X),ok (some handles unverified),,,
1782336602106,Jun 24 2026 5:30 PM ET,Reddit,skipped,,,context-only (T3)
1782336602106,Jun 24 2026 5:30 PM ET,StockTwits,skipped,,,context-only (T3)
1782336602106,Jun 24 2026 5:30 PM ET,Econ calendar,skipped,,,
1782336602106,Jun 24 2026 5:30 PM ET,Earnings,skipped,,,
1782336602106,Jun 24 2026 5:30 PM ET,news: CNBC top news,ok,,,
1782336602106,Jun 24 2026 5:30 PM ET,news: MarketWatch top,ok,,,
1782336602106,Jun 24 2026 5:30 PM ET,news: Google News — stock market,ok,,,
1782337476589,Jun 24 2026 5:44 PM ET,prices (Yahoo),ok,0,0.02,19 cross-checked vs CNBC
1782337476589,Jun 24 2026 5:44 PM ET,VIX (Yahoo),ok,,0,vs CNBC .VIX
1782337476589,Jun 24 2026 5:44 PM ET,CNN Fear & Greed,ok,20,,display-only (T3)
1782337476589,Jun 24 2026 5:44 PM ET,Crypto Fear & Greed,ok,1305,,
1782337476589,Jun 24 2026 5:44 PM ET,SEC filings,ok,,,
1782337476589,Jun 24 2026 5:44 PM ET,Company posts (X),ok (some handles unverified),,,
1782337476589,Jun 24 2026 5:44 PM ET,Reddit,skipped,,,context-only (T3)
1782337476589,Jun 24 2026 5:44 PM ET,StockTwits,skipped,,,context-only (T3)
1782337476589,Jun 24 2026 5:44 PM ET,Econ calendar,skipped,,,
1782337476589,Jun 24 2026 5:44 PM ET,Earnings,skipped,,,
1782337476589,Jun 24 2026 5:44 PM ET,news: CNBC top news,ok,,,
1782337476589,Jun 24 2026 5:44 PM ET,news: MarketWatch top,ok,,,
1782337476589,Jun 24 2026 5:44 PM ET,news: Google News — stock market,ok,,,
1782392402079,Jun 25 2026 9:00 AM ET,prices (Yahoo),ok,0,0.02,19 cross-checked vs CNBC
1782392402079,Jun 25 2026 9:00 AM ET,VIX (Yahoo),ok,,0.17,vs CNBC .VIX
1782392402079,Jun 25 2026 9:00 AM ET,CNN Fear & Greed,ok,19,,display-only (T3)
1782392402079,Jun 25 2026 9:00 AM ET,Crypto Fear & Greed,ok,780,,
1782392402079,Jun 25 2026 9:00 AM ET,SEC filings,ok,,,
1782392402079,Jun 25 2026 9:00 AM ET,Company posts (X),ok (some handles unverified),,,
1782392402079,Jun 25 2026 9:00 AM ET,Reddit,skipped,,,context-only (T3)
1782392402079,Jun 25 2026 9:00 AM ET,StockTwits,skipped,,,context-only (T3)
1782392402079,Jun 25 2026 9:00 AM ET,Econ calendar,skipped,,,
1782392402079,Jun 25 2026 9:00 AM ET,Earnings,skipped,,,
1782392402079,Jun 25 2026 9:00 AM ET,news: CNBC top news,ok,,,
1782392402079,Jun 25 2026 9:00 AM ET,news: MarketWatch top,ok,,,
1782392402079,Jun 25 2026 9:00 AM ET,news: Google News — stock market,ok,,,
1782393820628,Jun 25 2026 9:23 AM ET,prices (Yahoo),ok,0,0.02,19 cross-checked vs CNBC
1782393820628,Jun 25 2026 9:23 AM ET,VIX (Yahoo),ok,,0.22,vs CNBC .VIX
1782393820628,Jun 25 2026 9:23 AM ET,CNN Fear & Greed,ok,18,,display-only (T3)
1782393820628,Jun 25 2026 9:23 AM ET,Crypto Fear & Greed,ok,804,,
1782393820628,Jun 25 2026 9:23 AM ET,SEC filings,ok,,,
1782393820628,Jun 25 2026 9:23 AM ET,Company posts (X),ok (some handles unverified),,,
1782393820628,Jun 25 2026 9:23 AM ET,Reddit,skipped,,,context-only (T3)
1782393820628,Jun 25 2026 9:23 AM ET,StockTwits,skipped,,,context-only (T3)
1782393820628,Jun 25 2026 9:23 AM ET,Econ calendar,skipped,,,
1782393820628,Jun 25 2026 9:23 AM ET,Earnings,skipped,,,
1782393820628,Jun 25 2026 9:23 AM ET,news: CNBC top news,ok,,,
1782393820628,Jun 25 2026 9:23 AM ET,news: MarketWatch top,ok,,,
1782393820628,Jun 25 2026 9:23 AM ET,news: Google News — stock market,ok,,,
